"";"id";"name";"maxMatchesInt";"sideInt";"partnerList";"rankList"
"1";1;"male1";1;1;"179#141#187#192#105#151#184#152#143#188#199#161#195#109#178#121#104#128#200#173#156#191#186#182#154#190#144#122#111#169#164#148#155#102#132#150#114#185#115#198#125#160#181#189#108#113#126#162#145#103#123#140#106#127#110#171#134#139#116#183#194#153#172#131#117#129#175#147#197#124#119";"0.98#0.98#0.98#0.95#0.95#0.95#0.94#0.91#0.89#0.89#0.89#0.89#0.82#0.79#0.79#0.78#0.74#0.72#0.71#0.69#0.67#0.67#0.66#0.66#0.65#0.65#0.62#0.61#0.61#0.6#0.59#0.55#0.52#0.51#0.49#0.48#0.48#0.47#0.44#0.43#0.42#0.41#0.41#0.4#0.38#0.37#0.35#0.34#0.33#0.32#0.32#0.31#0.31#0.3#0.24#0.22#0.22#0.19#0.18#0.15#0.15#0.14#0.14#0.13#0.11#0.1#0.09#0.09#0.06#0.01#0"
"2";2;"male2";1;1;"185#123#124#108#198#170#180#147#136#199#110#135#151#119#139#187#143#130#154#131#129#184#158#118#132#120#193#114#163#182#174#179#126#192#178#138#171#175#144#117#167#194#116#133#152#150#115#177#156#176#195#191#172#181#197#168#111#142#145#122#161#189#173#162#107#160#140#109#186#121#102#155#190#112#141#149#188#125#134#164#183#146";"0.98#0.97#0.97#0.97#0.95#0.93#0.92#0.88#0.88#0.87#0.87#0.83#0.82#0.8#0.8#0.79#0.78#0.78#0.77#0.76#0.75#0.74#0.73#0.73#0.72#0.7#0.67#0.67#0.66#0.65#0.63#0.63#0.62#0.59#0.58#0.56#0.55#0.54#0.53#0.52#0.5#0.48#0.48#0.47#0.47#0.43#0.4#0.4#0.4#0.4#0.4#0.35#0.34#0.31#0.3#0.27#0.26#0.26#0.23#0.22#0.22#0.2#0.17#0.17#0.16#0.16#0.15#0.14#0.1#0.1#0.1#0.07#0.07#0.07#0.06#0.06#0.06#0.05#0.02#0.01#0.01#0.01"
"3";3;"male3";1;1;"150#139#146#170#106#134#176#178#122#133#193#194#127#113#161#109#103#183#184#128#174#149#123#157#164#124#137#151#147#198#169#129#185#136#115#132#175#162#125#114#138#168#177#130#110#135#154#167#192#117#142#108#156#143#166";"0.99#0.99#0.98#0.97#0.96#0.95#0.91#0.91#0.87#0.83#0.79#0.78#0.77#0.77#0.76#0.73#0.71#0.68#0.58#0.58#0.54#0.53#0.5#0.48#0.48#0.46#0.45#0.42#0.41#0.4#0.37#0.36#0.34#0.34#0.32#0.32#0.31#0.3#0.28#0.28#0.27#0.24#0.22#0.21#0.21#0.19#0.19#0.19#0.14#0.12#0.11#0.1#0.09#0.08#0.02"
"4";4;"male4";1;1;"155#164#159#132#186#160#129#137#115#179#196#151#130#187#121#153#110#141#109#114#123#147#158#113#166#154#157#111#126#148#193#125#117#104#116#178#152#171#184#108#198#172#127#162#133#192#177#170#200#142#105#183#190#136#131#163#128#101#174#194#182#197#112#195#134#150#135#180#181#185#188#103#175#119#149#169#107#102#176#168#161#124#106#156#118#146#120#165#138#167#191#143#144#199#189#140#145";"0.99#0.99#0.98#0.97#0.96#0.95#0.94#0.93#0.91#0.9#0.89#0.89#0.89#0.88#0.88#0.87#0.85#0.85#0.83#0.83#0.82#0.82#0.82#0.81#0.81#0.8#0.8#0.8#0.77#0.77#0.75#0.74#0.71#0.69#0.69#0.68#0.67#0.67#0.65#0.65#0.63#0.59#0.59#0.58#0.57#0.57#0.55#0.55#0.54#0.53#0.53#0.53#0.52#0.51#0.51#0.49#0.45#0.42#0.41#0.4#0.39#0.37#0.37#0.36#0.35#0.34#0.33#0.33#0.32#0.31#0.3#0.3#0.28#0.28#0.27#0.24#0.23#0.2#0.2#0.17#0.15#0.15#0.12#0.1#0.09#0.09#0.08#0.06#0.06#0.05#0.04#0.04#0.03#0.03#0.02#0.02#0.02"
"5";5;"male5";1;1;"179#189#174#195#105#186#182#173#135#104#133#125#175#132#127#165#171#139#160#109#118#176#159#164#187#145#194#185#128#107#144#152#106#121#141#149#178#130#136#188#169#154";"0.95#0.94#0.89#0.85#0.83#0.81#0.81#0.73#0.71#0.71#0.65#0.63#0.59#0.58#0.55#0.54#0.52#0.52#0.5#0.48#0.46#0.45#0.43#0.42#0.35#0.28#0.28#0.25#0.24#0.2#0.17#0.17#0.17#0.16#0.14#0.12#0.1#0.09#0.07#0.06#0.04#0.02"
"6";6;"male6";1;1;"185#126#103#184#133#161#152#136#118#140#157#147#159#164#142#196#101#197#182#109#134#190#158#168#189#179#163#145#178#102#130#195#173#162#112#121#194#174#120#183#160#181#198#135#192#170#143#104#137#149#114#113#108#153#199#123#122#139#171#188#165#110#144#156";"0.99#0.97#0.93#0.92#0.92#0.88#0.82#0.81#0.81#0.81#0.81#0.8#0.78#0.75#0.74#0.7#0.69#0.68#0.68#0.67#0.65#0.65#0.64#0.61#0.59#0.57#0.56#0.54#0.49#0.49#0.48#0.47#0.46#0.45#0.41#0.41#0.41#0.37#0.36#0.36#0.33#0.31#0.3#0.28#0.28#0.26#0.26#0.26#0.25#0.22#0.2#0.15#0.14#0.14#0.13#0.13#0.12#0.1#0.08#0.05#0.05#0.05#0.02#0.02"
"7";7;"male7";1;1;"174#101#176#145#170#164#154#166#161#127#109#186#165#194#111#147#123#175#199#120#189#126#157#177#155#138#133#196#190#106#163#130#103#144#131#141#118#110#108#193#200#172#173#167#169#148#137#182#187#146#132#171#197#150#107#134#142#119#113#180#159#184#129#125#181#183";"0.98#0.96#0.96#0.96#0.96#0.92#0.9#0.89#0.87#0.87#0.87#0.86#0.85#0.82#0.81#0.8#0.78#0.77#0.76#0.76#0.7#0.68#0.67#0.65#0.6#0.59#0.58#0.58#0.56#0.55#0.54#0.53#0.53#0.51#0.51#0.49#0.43#0.42#0.42#0.41#0.41#0.39#0.38#0.38#0.37#0.36#0.35#0.34#0.32#0.31#0.3#0.2#0.16#0.16#0.16#0.14#0.09#0.07#0.06#0.05#0.05#0.04#0.04#0.02#0.02#0"
"8";8;"male8";1;1;"163#114#189#156#153#112#172#145#194#105#174#124#125#197#182#101#130#135#138#158#190#150#171#159#111#195#115#132#107#116#141#128#139#187#143#126#146#192#117#137#110#151#179#169#144#162#104#198#188#118#160#152#185#161#165";"0.99#0.97#0.89#0.87#0.85#0.83#0.83#0.81#0.79#0.79#0.73#0.72#0.72#0.71#0.71#0.66#0.64#0.62#0.59#0.58#0.56#0.56#0.56#0.56#0.55#0.55#0.54#0.54#0.52#0.47#0.46#0.46#0.46#0.45#0.45#0.43#0.39#0.39#0.37#0.32#0.31#0.29#0.28#0.28#0.27#0.24#0.24#0.23#0.17#0.15#0.14#0.13#0.08#0.08#0.01"
"9";9;"male9";1;1;"181#164#162#127#103#140#134#137#116#130#138#168";"0.99#0.81#0.81#0.76#0.74#0.48#0.27#0.13#0.12#0.12#0.08#0.03"
"10";10;"male10";1;1;"129#120#179#171#121#197#182#150#156#186#191#159#107#172#142#134#126#196#135#176#122#145#116#115#155#124#111#105#168#141#109#139#137#181#147#187#166#148";"0.97#0.95#0.92#0.92#0.91#0.85#0.83#0.75#0.69#0.65#0.63#0.63#0.6#0.53#0.53#0.51#0.46#0.41#0.41#0.41#0.4#0.38#0.38#0.37#0.33#0.29#0.29#0.26#0.24#0.22#0.21#0.21#0.15#0.14#0.12#0.07#0.07#0.07"
"11";11;"male11";1;1;"155#172#139#110#161#101#120#164#180#173#113#135#170#196#152#111#147#138#163#103#116#188#109#175#130#165#166#136#186#189#179#105#185#153#191#128#193#117#132#169#149#123#184#112#167#194#129#106#158#160#181#125#168#141#151#195#190#114#146#148#102#187#127#171#157#150#199#121#115#142#178#182#140#156#119#133#144#143";"0.98#0.98#0.97#0.94#0.92#0.87#0.87#0.85#0.85#0.85#0.84#0.84#0.82#0.81#0.78#0.77#0.76#0.74#0.74#0.73#0.73#0.73#0.7#0.7#0.68#0.64#0.62#0.62#0.61#0.61#0.58#0.57#0.57#0.56#0.56#0.55#0.55#0.55#0.54#0.53#0.51#0.51#0.49#0.49#0.49#0.45#0.39#0.38#0.37#0.37#0.36#0.35#0.34#0.31#0.3#0.28#0.26#0.25#0.24#0.24#0.2#0.2#0.2#0.15#0.14#0.14#0.11#0.1#0.09#0.08#0.07#0.07#0.03#0.03#0.03#0.03#0.01#0"
"12";12;"male12";1;1;"159#162#143#117#169#172#180#150#128#142#135#123#158#184#126#156#146#193#103#101#111#102#108#137#115#199#119#136#147#112#200#131#116#121#194#139#110#171#122#163#125#177#140#195#167#153#179#133#160#174#145#104#198#109#164#188#182#166#191#192#118#176#183#130#124#197#154#178";"0.98#0.96#0.95#0.95#0.93#0.93#0.92#0.92#0.87#0.86#0.86#0.86#0.84#0.81#0.8#0.8#0.8#0.77#0.76#0.75#0.75#0.74#0.74#0.73#0.72#0.72#0.71#0.66#0.65#0.61#0.61#0.6#0.59#0.58#0.58#0.55#0.52#0.5#0.5#0.5#0.47#0.46#0.44#0.44#0.42#0.39#0.38#0.34#0.31#0.3#0.27#0.24#0.23#0.23#0.23#0.19#0.18#0.16#0.15#0.14#0.12#0.12#0.1#0.09#0.06#0.06#0.04#0.03"
"13";13;"male13";1;1;"147#170#107#172#139#144#169#195#192#177#175#168#110#173#199#185#105#162#135#148#167#102#101#191#159#124#161#187#115#146#131#165#189#186#116#171#136#137#127#126#164#183#156#149#113#190#123#179#120#122#188#182";"0.99#0.98#0.97#0.93#0.9#0.9#0.87#0.83#0.82#0.79#0.79#0.77#0.73#0.73#0.69#0.68#0.68#0.64#0.61#0.55#0.5#0.5#0.48#0.43#0.43#0.42#0.41#0.41#0.4#0.39#0.39#0.37#0.33#0.32#0.31#0.28#0.28#0.28#0.25#0.23#0.22#0.22#0.17#0.12#0.09#0.09#0.05#0.05#0.05#0.03#0.01#0.01"
"14";14;"male14";1;1;"103#174#200#143#125#148#162#108#117#110#199#156#189#135#138#130#167#190#154#149#127#106#147#114#157#123#195#191#119#159#176#104#160#109#141#131#136#178#185#161#168#124#164#120#196#113#101#102#169#139#171#142#128#184#129#166#187#122#118#180#158#144#107#173";"1#0.95#0.95#0.94#0.94#0.94#0.89#0.87#0.87#0.85#0.85#0.84#0.83#0.8#0.79#0.79#0.78#0.77#0.75#0.74#0.72#0.71#0.66#0.65#0.64#0.63#0.62#0.61#0.6#0.56#0.54#0.53#0.52#0.52#0.49#0.49#0.47#0.42#0.4#0.39#0.39#0.38#0.36#0.33#0.32#0.29#0.28#0.28#0.28#0.26#0.22#0.21#0.19#0.12#0.11#0.11#0.1#0.09#0.08#0.07#0.04#0.04#0.04#0.03"
"15";15;"male15";1;1;"194#184#171#113#158#195#196#126#106#107#179#133#199#149#145#181#110#168#131#146#193#191#161#115#150#189#177#173#175#103#166#178#141#121#154#162#155#109#169#134#101#163#160#147#144#152#120#164#143#183#132#148#124#153";"0.99#0.97#0.96#0.95#0.94#0.91#0.89#0.86#0.85#0.85#0.84#0.71#0.71#0.68#0.68#0.68#0.67#0.65#0.64#0.64#0.62#0.61#0.6#0.6#0.6#0.58#0.52#0.51#0.5#0.47#0.46#0.45#0.43#0.4#0.37#0.36#0.35#0.33#0.27#0.27#0.27#0.25#0.24#0.22#0.21#0.17#0.16#0.16#0.15#0.13#0.07#0.05#0.04#0.02"
"16";16;"male16";1;1;"180#169#148#146#160#143#157#101#192#137#111#178#198#177#104#175#161#164#171#141#185#117#103#125#151#124#170#194#187#135#130#154#134#102#195#116#188#119#173#153";"0.99#0.99#0.94#0.94#0.91#0.89#0.87#0.85#0.82#0.78#0.69#0.67#0.67#0.6#0.58#0.58#0.57#0.54#0.5#0.5#0.46#0.42#0.41#0.39#0.37#0.36#0.35#0.34#0.32#0.28#0.25#0.25#0.24#0.22#0.2#0.14#0.14#0.09#0.07#0.05"
"17";17;"male17";1;1;"174#197#155#139#180#111#151#142#126#115#179#194#149#152#163#198#187#105#147#148#189#150#107#106#153#186#195#158#136#171#135#199#192#170#183#172#162#134#128#102#103#160#110#127#146#116#141#164#185#101#175#104#154#178#131#138#112#177#133#109#200#121#119#114#176#120#143#193#108#166#182#144#140#181#161";"1#1#0.99#0.96#0.95#0.95#0.93#0.89#0.88#0.86#0.85#0.78#0.75#0.75#0.75#0.74#0.74#0.73#0.68#0.68#0.65#0.62#0.62#0.61#0.61#0.6#0.59#0.58#0.58#0.57#0.57#0.54#0.51#0.49#0.47#0.46#0.46#0.45#0.45#0.45#0.44#0.44#0.43#0.42#0.42#0.4#0.33#0.32#0.3#0.27#0.25#0.25#0.24#0.22#0.22#0.22#0.21#0.2#0.19#0.19#0.17#0.17#0.16#0.16#0.15#0.14#0.14#0.14#0.14#0.11#0.1#0.09#0.06#0.01#0"
"18";18;"male18";1;1;"192#190#180#120#105#146#156#109#188#115#183#112#159#169#166#158#110#171#151#168#114#101#126#121";"0.99#0.97#0.93#0.91#0.83#0.77#0.73#0.7#0.68#0.67#0.64#0.61#0.52#0.46#0.4#0.4#0.39#0.32#0.3#0.15#0.15#0.13#0.11#0.05"
"19";19;"male19";1;1;"103#131#173#194#140#150#107#159#133#139#187#161#164#115#118#175#171#160#124#186#196#142#181#193#102#154#163#168#148#120#116#183#176#157#135#129#169#111#182#109#189#180#192#127#146#153#128#138#110#119#200#108#105#114#178#165#132#190#141#145#197#143#112#117#130#188#147#158#104#184#122#156#185#198#126#151#174#144#152#123#166#170#101#106#134#179#155#113#149#191#172";"1#0.99#0.99#0.98#0.97#0.97#0.94#0.93#0.92#0.9#0.9#0.87#0.86#0.86#0.85#0.85#0.85#0.83#0.82#0.8#0.79#0.78#0.78#0.76#0.75#0.75#0.72#0.72#0.71#0.69#0.69#0.68#0.67#0.67#0.67#0.65#0.65#0.64#0.63#0.62#0.6#0.59#0.56#0.56#0.53#0.48#0.47#0.47#0.46#0.42#0.4#0.39#0.34#0.33#0.33#0.33#0.31#0.31#0.3#0.29#0.28#0.27#0.26#0.26#0.26#0.25#0.24#0.24#0.22#0.18#0.18#0.17#0.17#0.16#0.16#0.15#0.13#0.13#0.11#0.1#0.09#0.08#0.08#0.06#0.05#0.03#0.03#0.02#0.02#0.02#0.02"
"20";20;"male20";1;1;"195#145#143#105";"0.9#0.5#0.37#0.36"
"21";21;"male21";1;1;"118#154#111#160#153#122#185#119#139#181#195#126#178#199#174#141#176#115#151#159#116#145#196#171#125#142#101#128#146#144#158#109#172#114#192#168#134#124#177#129#167#127#105#183#132#102#112";"0.95#0.93#0.93#0.92#0.92#0.91#0.9#0.88#0.82#0.78#0.78#0.73#0.73#0.72#0.71#0.66#0.65#0.64#0.57#0.57#0.55#0.5#0.48#0.47#0.47#0.46#0.46#0.42#0.41#0.38#0.37#0.32#0.28#0.26#0.25#0.24#0.24#0.22#0.21#0.17#0.16#0.1#0.07#0.07#0.07#0.04#0.01"
"22";22;"male22";1;1;"138#101#197#137#195#114";"0.79#0.71#0.57#0.56#0.19#0.01"
"23";23;"male23";1;1;"148#192#198#121#153#162#185#169#157#197#183#172#128#120#199#163#140#189#156#114#101#193#108#125#134#147#126#143#160#124#127#142#176#178#182#129#149#151#177#180#145#105#131#107#138#104#144#136#113#109#103#161#141#152#150#116#174#135#115#106#158#173#166#195#110#123#190#186#187#184#200#175#196#164";"0.96#0.95#0.92#0.92#0.92#0.92#0.9#0.9#0.87#0.86#0.85#0.84#0.84#0.81#0.79#0.79#0.78#0.77#0.77#0.75#0.74#0.73#0.72#0.71#0.71#0.67#0.67#0.66#0.65#0.65#0.63#0.63#0.63#0.63#0.59#0.57#0.55#0.53#0.53#0.53#0.5#0.5#0.49#0.46#0.45#0.42#0.4#0.38#0.38#0.34#0.33#0.32#0.31#0.31#0.29#0.27#0.26#0.26#0.25#0.24#0.23#0.22#0.18#0.17#0.17#0.16#0.15#0.14#0.13#0.1#0.09#0.08#0.05#0.03"
"24";24;"male24";1;1;"173#176#165#189#138#191#143#119#155#115#147#137#200#149#140#117#186#120#126#171#136#135#197#198#101#124#107#161#134#196#128#132#108#103#102#106#175#148#190#177#158#109#129#133#153#146#160#121#154#141#169#188#110#184#123#179#180#113#163#182#195#145#105#187#192#174#144#185#164#111#104#112#116#183#181#162#152#122#156#130#139#114#193#159#172";"1#1#0.99#0.99#0.98#0.97#0.94#0.94#0.93#0.93#0.92#0.9#0.89#0.88#0.86#0.85#0.82#0.82#0.81#0.8#0.8#0.8#0.75#0.73#0.73#0.72#0.71#0.68#0.67#0.66#0.66#0.64#0.63#0.62#0.62#0.61#0.58#0.58#0.54#0.5#0.47#0.46#0.46#0.44#0.44#0.42#0.42#0.42#0.41#0.39#0.36#0.35#0.33#0.32#0.32#0.28#0.28#0.27#0.26#0.25#0.24#0.23#0.22#0.21#0.21#0.19#0.18#0.18#0.17#0.17#0.14#0.13#0.12#0.1#0.08#0.07#0.07#0.06#0.04#0.04#0.04#0.03#0.03#0.02#0.01"
"25";25;"male25";1;1;"135#107#189#122#129#163#154#191#110#150#183#178#180#168#115#111#192#136#164#174#200#182#137#153#158#152#195#123#114#199#102#181#155#106#171#112#134#147#108#166#179#118#126#161#175#141#125#190#116#160";"0.98#0.95#0.91#0.91#0.9#0.9#0.89#0.88#0.86#0.85#0.78#0.77#0.76#0.74#0.73#0.72#0.71#0.67#0.67#0.65#0.61#0.59#0.58#0.57#0.57#0.56#0.54#0.47#0.47#0.44#0.41#0.4#0.4#0.39#0.38#0.36#0.33#0.31#0.31#0.29#0.28#0.25#0.14#0.14#0.12#0.11#0.07#0.07#0.02#0.01"
"26";26;"male26";1;1;"192#113#105#196#138#168#150#136#167#181#111#133#170#119#154#189#151";"0.85#0.85#0.82#0.81#0.75#0.74#0.73#0.7#0.69#0.62#0.56#0.51#0.45#0.44#0.41#0.37#0.26"
"27";27;"male27";1;1;"120#194#127#149#104#177#139#143#186#136#168#170#119#105#129#159#165#155#195#101#131#151#108#102#112#156#164#124#200#118#167#135#148#162#141#171#185#145#103#199#152#178#175#189#110#182#122#138#169#125#187#190#198#134#114#137#128#140#117#113#130#144#142#193#176#133#154#126#123#121#147#106";"0.99#0.99#0.94#0.94#0.93#0.91#0.88#0.87#0.86#0.86#0.83#0.81#0.78#0.78#0.77#0.77#0.75#0.75#0.74#0.69#0.67#0.67#0.67#0.66#0.66#0.62#0.6#0.58#0.57#0.54#0.5#0.47#0.47#0.46#0.45#0.44#0.43#0.42#0.39#0.39#0.38#0.37#0.34#0.31#0.28#0.28#0.26#0.24#0.23#0.22#0.22#0.2#0.2#0.19#0.19#0.19#0.17#0.14#0.14#0.14#0.13#0.09#0.09#0.09#0.08#0.08#0.06#0.05#0.05#0.04#0.03#0.03"
"28";28;"male28";1;1;"185#114#200#107#142#165#120#188#135#157#117#159#195#144#175#171#183#156#153#104#116#103#167#133#163#112#131#182#105#124#155#158#160#164#126#162#146#127#125#113#178#176#189#172#121#150#130#102#184#106#199#136#119#154#123#137#166#108#140#179#181#177#180#169#145#192#139#191#122#173#115#168";"0.98#0.98#0.96#0.95#0.94#0.94#0.92#0.92#0.89#0.87#0.86#0.84#0.84#0.83#0.82#0.82#0.8#0.77#0.74#0.73#0.71#0.7#0.7#0.69#0.68#0.68#0.66#0.66#0.65#0.61#0.61#0.59#0.59#0.57#0.57#0.57#0.53#0.52#0.49#0.48#0.47#0.46#0.43#0.43#0.42#0.41#0.4#0.38#0.34#0.33#0.3#0.28#0.25#0.25#0.24#0.24#0.22#0.22#0.18#0.18#0.16#0.16#0.15#0.15#0.13#0.13#0.12#0.1#0.09#0.08#0.06#0.05"
"29";29;"male29";1;1;"168#190#133#124#130#122#112#125#185#106#146#171#174#151#121#150#194#141#108#193#155#117#131#162#118#191#158#149#137#116#114#143#103#189#180#120#102#161#175#199#187#101#192#132#165#176#135";"0.99#0.98#0.95#0.91#0.87#0.84#0.82#0.82#0.8#0.77#0.76#0.74#0.71#0.69#0.68#0.67#0.63#0.63#0.61#0.59#0.58#0.57#0.55#0.54#0.52#0.5#0.42#0.42#0.4#0.39#0.38#0.37#0.35#0.33#0.32#0.31#0.3#0.28#0.28#0.21#0.13#0.07#0.05#0.04#0.04#0.01#0.01"
"30";30;"male30";1;1;"182#151#184#158#152#160#128#153#192#198#170#176#200#193#132#164#141#101#156#133#177#111#130#190#162#138#102#119#123#147#107#167#159#120#129#172#165#169#157#118#187#149#179#113#175#126#106";"0.95#0.93#0.92#0.91#0.87#0.86#0.85#0.83#0.82#0.81#0.77#0.74#0.72#0.62#0.61#0.6#0.56#0.54#0.52#0.51#0.51#0.5#0.45#0.43#0.42#0.39#0.32#0.31#0.28#0.26#0.25#0.21#0.21#0.2#0.19#0.17#0.15#0.12#0.1#0.1#0.07#0.06#0.05#0.03#0.03#0.02#0.02"
"31";31;"male31";1;1;"153#133#111#183#160#181#112#163#156#187#200#127#197#174#137#142#165#121#167#182#134#173#106#193#186#123#146#124#147#166#140#145#129#154#157#179#132#171#168#113#141#144#138#194#195#101#149#105#159#162#131#170#161#102#107#190#108#185#109#114#128#192#198#177#116#196#150#118#120#136#180#148#191#143#139";"1#0.99#0.97#0.96#0.95#0.95#0.92#0.91#0.9#0.86#0.84#0.82#0.79#0.77#0.77#0.75#0.72#0.67#0.65#0.63#0.63#0.62#0.62#0.62#0.6#0.6#0.58#0.58#0.57#0.56#0.56#0.54#0.54#0.53#0.53#0.48#0.44#0.43#0.43#0.41#0.4#0.4#0.39#0.37#0.37#0.37#0.35#0.35#0.34#0.31#0.29#0.26#0.25#0.25#0.24#0.22#0.18#0.18#0.17#0.16#0.16#0.16#0.14#0.14#0.14#0.14#0.14#0.13#0.13#0.08#0.08#0.06#0.05#0.02#0"
"32";32;"male32";1;1;"148#162#129#140";"0.97#0.88#0.44#0.28"
"33";33;"male33";1;1;"171#118#107#111#182#135#174#185#159#156#198#122#137#200#133#138#148#197#102";"0.94#0.84#0.72#0.68#0.67#0.58#0.57#0.49#0.48#0.46#0.44#0.39#0.31#0.26#0.19#0.14#0.14#0.06#0.05"
"34";34;"male34";1;1;"200#184#111#199#155#165#175#138#179#118#145#198#121#192#141#146#182#181#157#164#102#158#172#134#154#162";"1#0.97#0.97#0.87#0.85#0.84#0.77#0.74#0.69#0.67#0.65#0.61#0.6#0.58#0.52#0.49#0.49#0.48#0.44#0.44#0.31#0.19#0.18#0.14#0.1#0.02"
"35";35;"male35";1;1;"150#115#183#192#127#199#167#153#109#151#156#149#135#137#178#158#181#113#146#108#200#121#138#187#164#168#143";"0.96#0.94#0.86#0.73#0.68#0.67#0.65#0.63#0.63#0.62#0.61#0.58#0.52#0.49#0.41#0.4#0.36#0.36#0.36#0.33#0.3#0.29#0.25#0.23#0.2#0.17#0.08"
"36";36;"male36";1;1;"159#150#166#167#111#196#188#140#152#194#118#120#155#173#170#113#107#165#179#151#135#153#168#139#141#158#128#169#103#125#110#124#133#181#182#174#102#160#157#138#156#137#108#109#177#197#162#147#187#172#142#148#163";"0.99#0.95#0.94#0.93#0.93#0.93#0.92#0.91#0.88#0.86#0.86#0.78#0.78#0.71#0.7#0.69#0.68#0.63#0.58#0.51#0.51#0.5#0.5#0.45#0.42#0.36#0.35#0.33#0.32#0.3#0.29#0.28#0.28#0.27#0.22#0.2#0.2#0.18#0.17#0.16#0.16#0.16#0.14#0.12#0.12#0.09#0.08#0.08#0.07#0.06#0.06#0.04#0"
"37";37;"male37";1;1;"117#158#170#128#103";"0.99#0.86#0.71#0.47#0.31"
"38";38;"male38";1;1;"103#157#160#101#172#105#145#188#106#187#170#176#120#191#198#125#169#180#174#111#195#165#168#104#118#153#108#102#166#177#162#109#128#116#152#138#113#127#178#156#190#155#123#146#144#119#151#163#117#158#185#142#199#154#189#181#197#131#130#161#182#121#107#110#134#164#136#124#183#159#126#122#135#114#115#192#129#171#186#194#147#143#150#141#133#184#196#193#139#200#175#179";"1#0.99#0.98#0.97#0.92#0.91#0.91#0.9#0.9#0.89#0.89#0.88#0.88#0.88#0.86#0.83#0.83#0.83#0.83#0.83#0.82#0.81#0.8#0.79#0.77#0.76#0.76#0.75#0.74#0.73#0.71#0.69#0.68#0.67#0.65#0.62#0.6#0.6#0.57#0.57#0.55#0.55#0.54#0.54#0.51#0.51#0.5#0.45#0.43#0.42#0.42#0.4#0.4#0.4#0.39#0.38#0.37#0.37#0.36#0.34#0.34#0.33#0.33#0.31#0.27#0.27#0.26#0.24#0.22#0.22#0.21#0.2#0.19#0.18#0.17#0.14#0.11#0.11#0.11#0.1#0.1#0.08#0.08#0.04#0.04#0.03#0.03#0.02#0.02#0.01#0#0"
"39";39;"male39";1;1;"176#187#106#122#140#196#155#188#191#112#125#174#193#159#107#192#129#121#183#164#114#148#154#172#153#182#101#104#113#161#173#119#171#137#178#163#145#126#168#158#132#109";"0.99#0.98#0.98#0.98#0.97#0.95#0.89#0.83#0.82#0.81#0.77#0.74#0.73#0.7#0.68#0.63#0.61#0.6#0.6#0.59#0.57#0.53#0.42#0.42#0.41#0.32#0.31#0.3#0.29#0.29#0.28#0.27#0.26#0.26#0.23#0.2#0.15#0.14#0.14#0.1#0.04#0.01"
"40";40;"male40";1;1;"168#175#176#159#138#164#182#141#112#157#144#183#122#200#165#158#147#150#172#193#179#106#190#115#123#195#116#143#129#188#134#152#167#111#109#196#166#113#171#117#178#142#184#174#187#126#130#170#155#107";"1#0.99#0.96#0.94#0.89#0.89#0.88#0.87#0.86#0.85#0.84#0.83#0.81#0.8#0.74#0.73#0.72#0.71#0.7#0.68#0.65#0.62#0.6#0.59#0.59#0.59#0.58#0.52#0.52#0.5#0.49#0.48#0.47#0.42#0.38#0.38#0.36#0.36#0.36#0.35#0.33#0.3#0.3#0.23#0.16#0.16#0.12#0.05#0.05#0.04"
"41";41;"male41";1;1;"193#164#178#156#104#128#146";"0.93#0.65#0.43#0.3#0.27#0.02#0"
"42";42;"male42";1;1;"173#168#138#118#121#167#125#122#155#114#105#102#172#170#189#151#126";"0.99#0.95#0.87#0.61#0.6#0.45#0.45#0.38#0.29#0.22#0.21#0.18#0.14#0.12#0.11#0.09#0.01"
"43";43;"male43";1;1;"173#119#114#121#117#182#170#153#179#198#134#129#103#190#162#122#155#191#164#139#105#161#169#146#147#132#104#148#137#156#181#131#157#177#174#109#193#126#175#197#138#135#113#172#120#125#185#112#158#165#154#130#171#143#152";"0.94#0.94#0.93#0.93#0.92#0.9#0.85#0.85#0.83#0.83#0.82#0.81#0.8#0.8#0.74#0.73#0.73#0.7#0.65#0.63#0.6#0.58#0.55#0.55#0.52#0.48#0.48#0.46#0.44#0.43#0.43#0.4#0.37#0.37#0.37#0.35#0.34#0.32#0.32#0.31#0.29#0.27#0.22#0.22#0.17#0.14#0.09#0.07#0.06#0.05#0.04#0.04#0.02#0.01#0.01"
"44";44;"male44";1;1;"123#162#156#150#125#135#128#118#159#101#114#146#141#189#160#185#180#184#157#186#177#117#153#108#138#182#191#112#183#158#127#144#152#179#196#200#187#137#109";"0.99#0.93#0.93#0.9#0.86#0.84#0.67#0.65#0.65#0.61#0.59#0.59#0.58#0.54#0.53#0.52#0.48#0.47#0.44#0.44#0.39#0.39#0.38#0.37#0.36#0.34#0.32#0.31#0.31#0.3#0.3#0.29#0.25#0.25#0.18#0.09#0.07#0.05#0.03"
"45";45;"male45";1;1;"185#186#167#149#177#105#125#119#176#196#175#194#102#155#165#143#131#126#130#182#144#152#132#145#153#198#171#184#146#113#106#140#156#151#138#199#164#121#111#123#133#148#141#179#158#115#117#169#162#187#191#109#107#135#189#172#173#129#178#112#192#166";"0.93#0.92#0.92#0.91#0.87#0.87#0.83#0.82#0.8#0.78#0.78#0.76#0.75#0.72#0.72#0.72#0.71#0.7#0.7#0.61#0.61#0.59#0.59#0.58#0.58#0.56#0.56#0.52#0.5#0.45#0.43#0.42#0.41#0.41#0.37#0.37#0.35#0.34#0.34#0.3#0.28#0.28#0.28#0.26#0.23#0.22#0.2#0.19#0.17#0.17#0.16#0.16#0.15#0.15#0.13#0.11#0.04#0.03#0.03#0.02#0.02#0.01"
"46";46;"male46";1;1;"102#200#166#120#137#116#167#158#106#196#110#136#141#155#107#130#199#129#165#161#198#105#112#151#185#114#190#174#145#189#135#181#175";"0.92#0.89#0.87#0.85#0.78#0.76#0.74#0.72#0.71#0.7#0.67#0.65#0.65#0.55#0.48#0.46#0.43#0.43#0.42#0.35#0.34#0.24#0.23#0.22#0.2#0.2#0.19#0.16#0.16#0.14#0.08#0.04#0.02"
"47";47;"male47";1;1;"163#142#115#118#141#137#106#101#182#128#187#161#176#138#180#165#124#157#188#189#154#159#109#104#129#190#171#170#147#123#175#172#179#173#107";"0.99#0.93#0.9#0.89#0.87#0.84#0.81#0.79#0.78#0.75#0.73#0.73#0.71#0.66#0.59#0.58#0.53#0.53#0.52#0.51#0.43#0.39#0.38#0.34#0.32#0.29#0.26#0.24#0.22#0.19#0.19#0.11#0.07#0.04#0.03"
"48";48;"male48";1;1;"114#183#155#198#171#137#177#180#173#138#115";"0.96#0.8#0.79#0.72#0.69#0.65#0.63#0.19#0.09#0.06#0.02"
"49";49;"male49";1;1;"107#194#183#135#139#192#110#166#151#181#193#157#114#142#138#188#170#124#153#196#146#149#109#186#113#133#150#187#120#122#101#121#148#105#165#182#158#175#171#129#200#185#162#123#177#108#126#155#161#102#141#173#199#154#152#106#131#156#140#144#184#174#159#116#179#112#197#137#127#169#111#189#130#147#191#190#145#104#172#134#119#164#168#198#128#143";"0.98#0.98#0.97#0.95#0.94#0.92#0.92#0.9#0.88#0.88#0.87#0.81#0.8#0.8#0.78#0.78#0.78#0.77#0.76#0.75#0.74#0.74#0.74#0.73#0.71#0.69#0.69#0.69#0.65#0.64#0.64#0.62#0.61#0.6#0.59#0.58#0.58#0.56#0.56#0.55#0.52#0.49#0.48#0.47#0.46#0.46#0.45#0.45#0.45#0.43#0.43#0.43#0.42#0.41#0.4#0.39#0.34#0.32#0.31#0.31#0.31#0.3#0.3#0.28#0.28#0.26#0.24#0.22#0.21#0.18#0.15#0.12#0.11#0.11#0.1#0.09#0.08#0.06#0.05#0.05#0.03#0.03#0.02#0.01#0.01#0"
"50";50;"male50";1;1;"152#154#191#108#103#153#110#125#113#114#200#106#156#165#133#160#105#149#122";"0.95#0.84#0.74#0.74#0.65#0.64#0.6#0.53#0.53#0.45#0.42#0.29#0.25#0.24#0.18#0.15#0.14#0.12#0.11"
"51";51;"male51";1;1;"";""
"52";52;"male52";1;1;"154#179#152#124#146#128#191#166#169#102#137#141#111#123#113#136#119#144#173#142#135#197#118#105#160#172#168#122#178#182#187#143#183#108#133#104#192#161#176#156#129#171#170#200#139#158#126#140#163#125#121#120#193#148#103#150#155#107#186#109#177#134#181#196#199#127#184#117#151#195#132#115#174#106#110#188#190#101#189#165#175#112#159#157#131#198#147#194#167#162#145#164#153#138#180#116#114#185";"0.99#0.99#0.98#0.98#0.98#0.98#0.98#0.97#0.97#0.95#0.94#0.93#0.93#0.93#0.91#0.9#0.89#0.89#0.88#0.87#0.86#0.86#0.85#0.84#0.83#0.83#0.81#0.8#0.78#0.78#0.78#0.77#0.77#0.76#0.74#0.73#0.72#0.69#0.68#0.67#0.66#0.65#0.64#0.64#0.64#0.61#0.55#0.55#0.54#0.51#0.5#0.49#0.49#0.48#0.44#0.42#0.42#0.41#0.39#0.34#0.32#0.32#0.32#0.32#0.32#0.31#0.31#0.31#0.3#0.28#0.27#0.26#0.26#0.25#0.25#0.24#0.24#0.23#0.23#0.23#0.23#0.23#0.21#0.18#0.14#0.14#0.12#0.11#0.1#0.09#0.09#0.09#0.08#0.07#0.05#0.05#0.03#0.01"
"53";53;"male53";1;1;"183#148#123#127#180#103#139#156#149#163#146#150#175#128#104#170#166#172#106#101#199#169#135#195#132#187#136#110#178#119#200#191#185#196#186#145#152#102#177#174#167#144#116#190#124#173#133#159#141#105#184#147#151#155#121#161#138#197#117#182#165#168#113#171";"1#0.98#0.98#0.97#0.96#0.92#0.89#0.87#0.82#0.82#0.81#0.8#0.79#0.79#0.76#0.75#0.71#0.71#0.7#0.7#0.7#0.66#0.66#0.65#0.59#0.57#0.53#0.51#0.5#0.49#0.49#0.47#0.47#0.44#0.44#0.41#0.37#0.36#0.36#0.34#0.33#0.32#0.32#0.3#0.28#0.28#0.28#0.28#0.27#0.26#0.25#0.24#0.24#0.21#0.13#0.13#0.12#0.11#0.11#0.07#0.05#0.05#0.03#0"
"54";54;"male54";1;1;"189#122#127#159#133#172#108#183#171#181#186#129#116#114#110#141#169#195#106#160#178#125#156#146";"0.96#0.88#0.81#0.8#0.8#0.79#0.77#0.64#0.6#0.59#0.59#0.57#0.54#0.48#0.45#0.45#0.37#0.28#0.27#0.19#0.18#0.04#0.01#0"
"55";55;"male55";1;1;"109#187#115#162#143#188#158#107#148#163#144#155#196#175#124#135#168#173#145#127#147#181#113#140#103#111#178#186#126#197#125#166#133#159#121#122#199#177#112#184#171#193#120#185#139#160#123#108#164#191#170#189#156#169#153#146#195#154#165#129#132#128#134#106#110#151#174#131#152#180#116#117#114#198#136#130#167#179#190#149#183#142#150";"0.97#0.97#0.95#0.94#0.92#0.89#0.87#0.87#0.85#0.84#0.83#0.82#0.82#0.81#0.8#0.77#0.77#0.77#0.76#0.75#0.71#0.7#0.68#0.67#0.67#0.6#0.57#0.56#0.54#0.53#0.52#0.52#0.51#0.51#0.5#0.5#0.48#0.46#0.44#0.44#0.43#0.42#0.42#0.41#0.4#0.37#0.34#0.33#0.33#0.32#0.32#0.31#0.3#0.3#0.3#0.29#0.29#0.28#0.27#0.26#0.25#0.24#0.23#0.21#0.21#0.2#0.2#0.16#0.16#0.15#0.13#0.12#0.12#0.08#0.07#0.05#0.04#0.04#0.03#0.03#0.02#0.01#0.01"
"56";56;"male56";1;1;"150#101#119#162#200#185#164#148#129#137#114#134#124#183#122#163#106#131#118#172#189#126#133#113#193#158#167#145#146#176#166#169#182#120#161#125";"0.96#0.95#0.91#0.91#0.84#0.84#0.84#0.83#0.8#0.77#0.75#0.75#0.75#0.72#0.67#0.66#0.57#0.53#0.53#0.43#0.42#0.42#0.41#0.34#0.29#0.27#0.25#0.2#0.18#0.13#0.12#0.11#0.1#0.08#0.05#0.01"
"57";57;"male57";1;1;"160#132#164#135#184#139#143#183#200#101#192#122#185#195#158#109#118#179#147#134#182#111#187#115#119#161#151#171#110#199#197#138#173#112#148#159#176#149#186#191#131#116#127#124#180#108#156#121#133#107#145#168#125#130#150#136#142#129#120";"0.99#0.98#0.97#0.96#0.94#0.92#0.9#0.89#0.86#0.83#0.83#0.82#0.8#0.74#0.74#0.7#0.7#0.7#0.69#0.68#0.67#0.66#0.64#0.59#0.57#0.54#0.53#0.52#0.52#0.52#0.51#0.5#0.48#0.45#0.44#0.44#0.43#0.43#0.41#0.39#0.38#0.38#0.35#0.35#0.34#0.31#0.29#0.29#0.27#0.26#0.26#0.24#0.23#0.2#0.18#0.15#0.12#0.06#0.02"
"58";58;"male58";1;1;"138#131#162#116#113#108#195#165#190#173#159#198#199#157#134#111#166#191#135#153#147#171#188#178#124#194#154#193#141#110#164#128#109#161#130#129#127#120#168#149#151#112#170#115#105#143#187#158#107#125#155#101#148#200#192#186#121#102#126#117#140#118#167";"0.99#0.99#0.97#0.97#0.94#0.86#0.86#0.86#0.82#0.79#0.77#0.77#0.75#0.75#0.71#0.66#0.66#0.64#0.63#0.61#0.61#0.6#0.6#0.59#0.56#0.56#0.54#0.52#0.5#0.5#0.49#0.48#0.47#0.45#0.45#0.45#0.43#0.41#0.39#0.38#0.34#0.31#0.3#0.28#0.27#0.26#0.24#0.23#0.23#0.21#0.21#0.2#0.16#0.13#0.12#0.11#0.1#0.1#0.09#0.08#0.05#0.03#0.03"
"59";59;"male59";1;1;"152#188#108#146#184#132#156#144#170#149#199#185#151#112#122#189#135#119#129#147#103#102#127#120#179#158#175#190#104#181#154#123#128#180#133#110#200#126#159#145#178#148#186#174#138#125#139#124#196#160#197#150#171#111#177#183#198#169#140#172#173#107#165#157#141#153#137#182#192#194#113#142#176#106#161#168#164#101#187#163";"0.99#0.94#0.94#0.94#0.93#0.93#0.89#0.89#0.88#0.86#0.85#0.84#0.81#0.81#0.78#0.77#0.76#0.74#0.74#0.73#0.72#0.72#0.71#0.69#0.67#0.65#0.63#0.62#0.59#0.57#0.55#0.53#0.52#0.51#0.47#0.47#0.47#0.45#0.45#0.45#0.45#0.44#0.43#0.43#0.42#0.41#0.4#0.38#0.38#0.38#0.38#0.34#0.3#0.3#0.3#0.3#0.3#0.29#0.27#0.25#0.25#0.23#0.23#0.19#0.18#0.17#0.17#0.16#0.15#0.11#0.11#0.1#0.09#0.08#0.06#0.04#0.04#0.03#0.02#0"
"60";60;"male60";1;1;"196#159#164#192#171#191#165#125#166#145";"0.98#0.93#0.91#0.83#0.71#0.6#0.48#0.47#0.44#0.3"
"61";61;"male61";1;1;"162#127#143#193#149#124#139#120#147#178";"0.98#0.83#0.71#0.68#0.66#0.62#0.61#0.6#0.26#0.02"
"62";62;"male62";1;1;"108#153#116#142#110#111#179#189#138#134#141#139#185#165#125#197";"0.98#0.96#0.91#0.91#0.83#0.82#0.77#0.63#0.57#0.43#0.38#0.35#0.21#0.14#0.08#0.06"
"63";63;"male63";1;1;"129#199#144#197#168#200#186#145#176#124#187#142#112#196#113#146#156#148#189#192#119#102#122#191#169#182#110#116#107#161#105#123#135#181#158#166#165#151#184#127#177#178#131#170#141#114#185#153#106#125#190#162#137#121#198#133#115#147#149#138#174#188#155#179#150#195#167#175#109#136#111#173#154#126#193#164#152#132#120#117#163#172#183#143#108#134#103#101#171#104#160#194#118#128#159";"0.99#0.98#0.98#0.98#0.96#0.93#0.89#0.89#0.88#0.87#0.86#0.85#0.84#0.84#0.83#0.78#0.77#0.77#0.77#0.76#0.76#0.76#0.75#0.74#0.74#0.73#0.73#0.72#0.72#0.69#0.66#0.66#0.65#0.63#0.62#0.62#0.6#0.59#0.59#0.56#0.56#0.55#0.54#0.53#0.52#0.51#0.51#0.5#0.5#0.49#0.47#0.46#0.46#0.44#0.44#0.43#0.43#0.42#0.42#0.37#0.36#0.34#0.33#0.33#0.31#0.3#0.28#0.28#0.28#0.27#0.27#0.25#0.24#0.23#0.23#0.22#0.22#0.2#0.19#0.14#0.12#0.1#0.1#0.09#0.09#0.08#0.07#0.06#0.06#0.06#0.06#0.02#0.01#0.01#0"
"64";64;"male64";1;1;"128#183#200#199#160#124#159#106#185#181#162#192#150#169#187#123#125#119#171#194#113#168#188#143#104#121#145#170#105#133#129#136#103#158#118#130#115#191#174#184#117#142#180#196#178#198#152#163#190#165#176#126#144#102#193#173#175#177#182#132#157#139#140#186#120#127#189#155#122#101#147#135#167#166#116#195#154#172#109";"0.99#0.98#0.94#0.9#0.83#0.74#0.72#0.71#0.71#0.69#0.69#0.66#0.66#0.65#0.64#0.63#0.62#0.59#0.58#0.54#0.53#0.52#0.52#0.52#0.52#0.51#0.49#0.49#0.48#0.48#0.46#0.46#0.45#0.44#0.43#0.42#0.42#0.42#0.4#0.4#0.4#0.39#0.38#0.37#0.37#0.37#0.36#0.34#0.33#0.33#0.33#0.33#0.31#0.29#0.29#0.29#0.28#0.27#0.26#0.24#0.24#0.23#0.23#0.2#0.19#0.19#0.18#0.16#0.16#0.12#0.11#0.1#0.09#0.09#0.08#0.07#0.06#0.05#0.05"
"65";65;"male65";1;1;"106#186#156#153#160#121#149#168#103#158#167#140#171#191#197#116#163#135#109#113#184#110#137#129#138#143#188#114#128#131#196#192#102#122#123#187#178#108#104#180#151#125#157#141#185#150#136#199#200#165#194#164#176#146#198#118#161#145#175#159#117#162#170#193#152#134#142#179#101#111#127#105#174#147#181#119#120";"0.99#0.99#0.98#0.98#0.98#0.96#0.95#0.92#0.92#0.91#0.89#0.88#0.86#0.85#0.85#0.84#0.83#0.82#0.79#0.77#0.75#0.74#0.74#0.73#0.72#0.7#0.69#0.66#0.65#0.65#0.62#0.6#0.6#0.6#0.58#0.56#0.55#0.54#0.52#0.52#0.51#0.51#0.5#0.49#0.48#0.45#0.41#0.41#0.39#0.39#0.36#0.34#0.33#0.32#0.31#0.3#0.29#0.29#0.29#0.27#0.27#0.26#0.26#0.26#0.25#0.22#0.2#0.19#0.19#0.18#0.13#0.1#0.1#0.09#0.06#0.02#0.01"
"66";66;"male66";1;1;"150#163#140#108#116#104#136#167#124#137#173#171#134#165#141";"0.99#0.97#0.97#0.78#0.74#0.72#0.7#0.68#0.59#0.45#0.23#0.2#0.05#0.05#0"
"67";67;"male67";1;1;"154#175#102#168#182#145#125#174#140#180#157#141#146#185#159#172#134#193#103#131#155#136#117#114#152#150#132#195#129#139#160#118#147#128#179#164#171#112#191#121#151#105#104#107#148#122#156#119#120#177#124#111#165#176#135#192#200#116#194#186#106#173#190#101#110#198#188#108#144#183#169#158#197#127#153#142#162#123#181#178#170#109#113#196#137#161#166#189#130#167#163#138#199#133#187#115#184#143#126";"0.99#0.99#0.98#0.96#0.96#0.93#0.92#0.92#0.9#0.9#0.89#0.88#0.87#0.85#0.84#0.84#0.82#0.81#0.81#0.79#0.78#0.78#0.78#0.78#0.77#0.77#0.76#0.75#0.74#0.71#0.7#0.7#0.7#0.69#0.68#0.66#0.66#0.66#0.65#0.65#0.65#0.64#0.64#0.63#0.61#0.61#0.61#0.6#0.58#0.55#0.55#0.54#0.54#0.53#0.51#0.51#0.5#0.48#0.45#0.44#0.43#0.43#0.42#0.42#0.41#0.4#0.4#0.39#0.39#0.39#0.38#0.38#0.38#0.36#0.36#0.34#0.31#0.31#0.28#0.28#0.28#0.28#0.25#0.24#0.23#0.21#0.19#0.18#0.16#0.13#0.12#0.12#0.11#0.1#0.09#0.07#0.06#0.03#0"
"68";68;"male68";1;1;"183#144#175#191#176#197#182#122#166#174#140#196#113#146#127#147#117#181#132#192#124#142#133#156#112";"1#0.94#0.85#0.84#0.81#0.77#0.69#0.65#0.64#0.58#0.5#0.49#0.46#0.38#0.38#0.37#0.34#0.34#0.31#0.29#0.27#0.21#0.14#0.05#0.03"
"69";69;"male69";1;1;"127#118#109#129#121#167#150#162#116#172#119#180#108#168#188#112#117#147#154#128#143";"0.95#0.89#0.87#0.86#0.83#0.82#0.73#0.66#0.65#0.63#0.61#0.56#0.55#0.5#0.45#0.34#0.32#0.28#0.21#0.17#0.12"
"70";70;"male70";1;1;"111#108#117#161#170#197#163#109#127#187#133#114#174#188#190#158#141#113#153#167#135#136#119#107#126#198#200#142#150#124#164#175#184#145#182#129#169#179#128#180#192#156#105#178#130#138#137#101#140#189#146#171#104#196#134#122#172#112#118#131#159#193#103#120#181#155#166#106#154#123#165#151#160";"1#0.98#0.97#0.96#0.96#0.94#0.93#0.93#0.92#0.9#0.88#0.87#0.87#0.86#0.86#0.85#0.84#0.82#0.81#0.75#0.73#0.72#0.72#0.71#0.7#0.7#0.65#0.65#0.63#0.62#0.59#0.57#0.54#0.52#0.52#0.52#0.5#0.49#0.49#0.45#0.45#0.44#0.42#0.42#0.42#0.39#0.38#0.38#0.36#0.36#0.35#0.32#0.3#0.28#0.28#0.27#0.23#0.2#0.19#0.16#0.16#0.15#0.13#0.11#0.06#0.06#0.06#0.04#0.04#0.03#0.02#0.01#0"
"71";71;"male71";1;1;"133#111#101#139#132#150#137#135#102#190#195#104#146#140#144#175#105#117#184#194#110#177#180#103#138#116#196#109#121#153#120#114#107#188#183#166#178#128#142#191";"0.99#0.97#0.97#0.93#0.93#0.91#0.87#0.85#0.83#0.81#0.81#0.78#0.76#0.68#0.67#0.66#0.62#0.59#0.55#0.47#0.45#0.41#0.4#0.39#0.39#0.35#0.32#0.3#0.23#0.19#0.14#0.13#0.12#0.12#0.11#0.09#0.08#0.08#0.03#0.03"
"72";72;"male72";1;1;"194";"0.94"
"73";73;"male73";1;1;"178#139#104#199#193#150#164#101#147#169#141#191#195#194#163#129#159#145#173#107#131#151#102#116#149#168#137#113#155#200#144#140#111#198#103#112#177#188#175#160#130#124#161#148#167#105#179#154#121#126#152#162#136#180#184#110#133#123#108";"0.97#0.97#0.94#0.93#0.9#0.89#0.88#0.87#0.84#0.83#0.83#0.82#0.82#0.81#0.77#0.77#0.73#0.68#0.64#0.62#0.57#0.57#0.55#0.55#0.54#0.54#0.52#0.51#0.49#0.48#0.46#0.46#0.43#0.4#0.39#0.38#0.38#0.35#0.34#0.31#0.3#0.3#0.29#0.29#0.28#0.24#0.24#0.2#0.18#0.18#0.15#0.13#0.13#0.12#0.09#0.08#0.06#0.04#0.03"
"74";74;"male74";1;1;"134#170#108#151#167#169#195#189#192#135#187#152#129#109#114#112#162#123#181#131#110#111#117#194#173#186#172#119#142#190#104#182#120#127#158#147#163#101#177#183#116#178#136#149#132#180#155#171#138#157#146#121#125#137#200#197#196#174#188#159#141#105#150#165#122#156#179#161";"0.95#0.95#0.93#0.91#0.9#0.89#0.88#0.88#0.87#0.86#0.86#0.85#0.83#0.83#0.82#0.82#0.82#0.8#0.75#0.74#0.69#0.69#0.66#0.66#0.65#0.63#0.63#0.6#0.57#0.56#0.54#0.54#0.53#0.5#0.49#0.47#0.43#0.43#0.43#0.41#0.36#0.34#0.33#0.33#0.32#0.32#0.3#0.3#0.29#0.28#0.23#0.23#0.21#0.19#0.16#0.15#0.15#0.15#0.13#0.11#0.09#0.08#0.03#0.03#0.01#0.01#0.01#0"
"75";75;"male75";1;1;"128#162#123#132#116#185#174#106#158#173#143#182#139#101#167#164#137#130#125#145#122#197#189#159#104#199#168#153#111#133#120#124#112#183#150#127#141#184#190#113#166#175#161#110#131#176#170#179#109#134#169#142#115#163#144#165#177#171#149#107#191#105#157#188#181#119#136#178#200#126#146#140#148#117#147#194#121#193#135";"0.99#0.96#0.94#0.93#0.91#0.9#0.89#0.88#0.86#0.85#0.8#0.79#0.78#0.77#0.76#0.73#0.71#0.71#0.69#0.68#0.67#0.67#0.62#0.6#0.6#0.6#0.6#0.59#0.59#0.58#0.58#0.56#0.55#0.54#0.52#0.48#0.47#0.47#0.47#0.46#0.44#0.43#0.43#0.42#0.42#0.42#0.4#0.4#0.38#0.37#0.36#0.36#0.34#0.34#0.33#0.33#0.32#0.31#0.29#0.26#0.26#0.25#0.23#0.2#0.19#0.18#0.18#0.17#0.16#0.16#0.11#0.09#0.08#0.07#0.07#0.06#0.05#0.04#0.03"
"76";76;"male76";1;1;"167#173#109#111#150#190#117#153#164#101#106#157#171#187#142#181#113#180#139#114#132#165#128#176#195#151#121#174#183#156#105#159#143#116#161#175#179#115#185#155#200#141#119#140#169#133#127#104#198#168#193#148#135#120#107#124#131#199#123#118#144#197#166#134";"0.97#0.97#0.96#0.93#0.92#0.92#0.85#0.84#0.83#0.83#0.82#0.78#0.76#0.75#0.75#0.74#0.71#0.7#0.7#0.69#0.69#0.67#0.65#0.65#0.64#0.62#0.59#0.56#0.56#0.51#0.5#0.49#0.49#0.49#0.46#0.45#0.41#0.4#0.38#0.37#0.37#0.35#0.35#0.35#0.33#0.33#0.33#0.26#0.24#0.16#0.16#0.14#0.14#0.09#0.08#0.08#0.07#0.06#0.04#0.04#0.04#0.04#0.02#0.01"
"77";77;"male77";1;1;"108#175#114#101#183#133#147#154#111#200#179#145#144#166#115#103#150#116#196#178#113#121#146#180#149#186#140#125#142#141#120#117#162#139#195#184#185#174#167#148#124#177#138#126#132#172#191#128#107#130#192#157#155#127#156#123#143#106#118#160#176#159#187#135#158#165#119#134#194#197#161#193#170#188#105#189#112#137#168#171#122#190#164#181#153#110#199#182#129";"0.99#0.98#0.98#0.93#0.92#0.91#0.9#0.9#0.89#0.89#0.83#0.78#0.78#0.78#0.76#0.75#0.75#0.74#0.73#0.72#0.71#0.69#0.67#0.67#0.67#0.64#0.62#0.57#0.57#0.56#0.56#0.56#0.55#0.52#0.52#0.51#0.5#0.49#0.49#0.48#0.47#0.47#0.46#0.44#0.44#0.43#0.42#0.42#0.41#0.41#0.41#0.38#0.38#0.38#0.37#0.36#0.35#0.34#0.31#0.3#0.3#0.29#0.28#0.27#0.26#0.26#0.23#0.21#0.2#0.2#0.17#0.17#0.17#0.17#0.16#0.16#0.15#0.15#0.14#0.13#0.12#0.1#0.1#0.09#0.06#0.04#0.03#0.03#0.02"
"78";78;"male78";1;1;"196#123#168#109#198#189#177#117#107#151#145#174#152#159#120#128#143#179#186#122#147#106#103#158#180#157#182#187#160#114#102#124";"1#0.84#0.83#0.83#0.8#0.77#0.76#0.76#0.73#0.72#0.68#0.64#0.61#0.59#0.52#0.48#0.46#0.43#0.43#0.41#0.4#0.31#0.29#0.24#0.16#0.13#0.12#0.06#0.05#0.04#0.03#0.01"
"79";79;"male79";1;1;"143#181#194#134#179#162#120#177#168#160#121#123#135#170#163#180#101#115#151#188#124#167#198#116#103#104#141#189#113#161#196#106#142#127#112#155#200#133#186#144#152#156#191#147#109#140#199#137#110#107#129#165#174#197#148#130#182#173#166#105#102#122#150#157#128#158#125#149#178#145#119#159#154#185";"1#1#0.99#0.98#0.98#0.98#0.97#0.96#0.96#0.95#0.94#0.92#0.92#0.91#0.9#0.89#0.89#0.8#0.8#0.8#0.79#0.79#0.77#0.75#0.73#0.72#0.69#0.69#0.68#0.67#0.66#0.65#0.65#0.62#0.62#0.61#0.58#0.57#0.54#0.53#0.5#0.5#0.49#0.48#0.39#0.38#0.38#0.38#0.37#0.37#0.36#0.36#0.33#0.33#0.28#0.28#0.26#0.25#0.23#0.22#0.16#0.16#0.15#0.14#0.12#0.1#0.09#0.08#0.08#0.06#0.05#0.05#0.03#0.02"
"80";80;"male80";1;1;"128#149#121#123#150#135#185#197#134#190#114#118#147#136#102#137#106#174#171#124#155#109#186#168#156#169#101#103#181#200#144#132#184#133#160#122#157#112#116#153#161#193#192#182#142#113#141#170#177#115#178#130#148#140#164#162#129#196#105#165#195#176#194#187#158#127#183#151#139#191#117";"0.99#0.98#0.97#0.97#0.93#0.93#0.93#0.92#0.91#0.91#0.9#0.87#0.87#0.86#0.84#0.78#0.77#0.76#0.74#0.73#0.69#0.66#0.66#0.63#0.61#0.61#0.59#0.58#0.56#0.56#0.54#0.52#0.48#0.48#0.45#0.43#0.4#0.37#0.37#0.36#0.34#0.33#0.31#0.29#0.29#0.29#0.24#0.2#0.2#0.18#0.17#0.17#0.16#0.15#0.15#0.13#0.11#0.11#0.08#0.08#0.07#0.07#0.07#0.06#0.06#0.05#0.03#0.02#0.02#0.02#0.01"
"81";81;"male81";1;1;"192#101#130#128#110#186#154#198#189#125#178#123#102#117#188#148#185#161#171#176#135#105#122#151#172#133#181#145#140#111#193#136#142#109#191#149#113#182#104#175#120#199#144#169#155#184#126#168#174#158#138#179#183#121#124#190#200#156#197#118#187#152#106#157#167#131#170#195#163#132";"1#0.97#0.94#0.93#0.91#0.87#0.86#0.84#0.84#0.83#0.82#0.8#0.79#0.76#0.72#0.71#0.71#0.71#0.7#0.69#0.67#0.62#0.62#0.62#0.62#0.6#0.59#0.54#0.54#0.52#0.52#0.5#0.48#0.48#0.44#0.44#0.44#0.43#0.42#0.42#0.41#0.38#0.37#0.34#0.34#0.31#0.31#0.3#0.29#0.29#0.29#0.26#0.25#0.24#0.23#0.22#0.19#0.18#0.18#0.18#0.16#0.12#0.12#0.1#0.07#0.07#0.06#0.05#0.05#0.02"
"82";82;"male82";1;1;"152#132#181#191#140#115#105#176#124#161#192#113#116#142#154#179#184#122#165#121#136#168#155";"0.99#0.93#0.93#0.81#0.79#0.75#0.74#0.74#0.71#0.61#0.57#0.52#0.49#0.45#0.44#0.39#0.38#0.37#0.34#0.33#0.33#0.32#0.28"
"83";83;"male83";1;1;"105#136#143#156#161#121#180#120#171#184#126#117#187#155#183#115#190#134#200#153#118#113#157#197#195#144#159#128#112#198#108#137#150#114#199#106#124#135#173#110#176#129#102#103#182#196#142#133#139#175#168#162";"0.92#0.91#0.88#0.87#0.86#0.84#0.79#0.78#0.76#0.76#0.74#0.71#0.7#0.69#0.67#0.65#0.65#0.62#0.59#0.58#0.58#0.52#0.51#0.51#0.5#0.48#0.48#0.46#0.44#0.37#0.36#0.36#0.35#0.34#0.33#0.31#0.31#0.31#0.3#0.28#0.26#0.22#0.21#0.19#0.18#0.18#0.17#0.17#0.16#0.15#0.07#0.06"
"84";84;"male84";1;1;"126#147#152#155#116#111#170#121#118#129#182#146#102#188#112#178#131#198#120#159#173#197#138#189#149#101#157#185#141#135#181#103#177#153#150#105#165#123#109#104#175#119#124#176#183#127#162#190#133#199#134#168#191#192#151#195#186#130#144#128#193#171#139#106#108#174#196#163#180#107#158#169#142#160#167#113#187#172#117#184#145#154#148";"0.99#0.99#0.98#0.93#0.91#0.91#0.89#0.86#0.86#0.85#0.84#0.84#0.82#0.82#0.81#0.79#0.78#0.78#0.76#0.75#0.75#0.75#0.74#0.74#0.72#0.7#0.67#0.66#0.63#0.63#0.63#0.62#0.62#0.6#0.6#0.59#0.59#0.58#0.58#0.58#0.57#0.57#0.56#0.54#0.54#0.52#0.52#0.51#0.5#0.47#0.47#0.47#0.46#0.38#0.37#0.36#0.36#0.36#0.35#0.34#0.34#0.3#0.29#0.28#0.27#0.27#0.27#0.27#0.23#0.23#0.23#0.18#0.17#0.17#0.16#0.14#0.12#0.1#0.08#0.06#0.06#0.01#0"
"85";85;"male85";1;1;"105#112#142#171#177";"0.94#0.71#0.37#0.28#0.16"
"86";86;"male86";1;1;"123#101#149#177#163#116#194#109#168#122#187#127#121#154#104#106#169#111#105#124#108#141#157#166#137#200#160#146#167#162#158#199#145#128#147#152#136#189#174#148#132#126#173#170#110#171#172#120#102#190#151#117#186#144#188#179#118#130#164#115#183#112#156#180#184#138#125";"0.98#0.97#0.96#0.93#0.92#0.91#0.89#0.87#0.87#0.86#0.86#0.86#0.85#0.85#0.81#0.81#0.78#0.77#0.76#0.75#0.69#0.68#0.65#0.63#0.62#0.62#0.59#0.59#0.56#0.55#0.53#0.53#0.52#0.52#0.51#0.49#0.49#0.47#0.45#0.45#0.43#0.43#0.41#0.41#0.4#0.35#0.34#0.33#0.31#0.27#0.26#0.26#0.26#0.25#0.18#0.17#0.16#0.16#0.14#0.12#0.09#0.07#0.05#0.04#0.04#0.03#0.01"
"87";87;"male87";1;1;"144";"0.47"
"88";88;"male88";1;1;"189#152#168#118#146#166#103#133#116#154#126#148#112#156#111#157#129#199#169#165#115#121#143#190#132#150#159#113#138#163#131#184#120#176#191#173#187#195#167#140#160#172#182#197#164#181#125#180#104#149#183#123";"1#0.98#0.96#0.95#0.93#0.88#0.82#0.78#0.78#0.74#0.71#0.71#0.7#0.69#0.69#0.67#0.67#0.67#0.65#0.64#0.62#0.61#0.57#0.52#0.51#0.49#0.42#0.39#0.39#0.38#0.36#0.3#0.29#0.27#0.25#0.25#0.24#0.22#0.22#0.22#0.21#0.21#0.19#0.19#0.15#0.14#0.13#0.1#0.05#0.05#0.01#0.01"
"89";89;"male89";1;1;"180#137#182#196#154#134#191#168#152#116#158#184#159#160#111#121#147#150#131#129#189#155#139#117#126#151#109#169#112#164#102#143#142#173#181#144#148#192#138#140#194#167#177#188#106#133#172#141#163#127#162#193#156#187#101#176#197#123#166#171#125#135#186#105#174#132#185#199#157#153#130#124#165#113#183#146#200#122#198#161#190#179#170#118#136#119#195#107#149";"0.98#0.98#0.97#0.95#0.94#0.94#0.91#0.91#0.9#0.85#0.84#0.83#0.81#0.78#0.78#0.77#0.76#0.74#0.74#0.73#0.73#0.7#0.7#0.7#0.69#0.69#0.67#0.67#0.67#0.67#0.66#0.63#0.63#0.61#0.6#0.6#0.59#0.58#0.57#0.57#0.55#0.55#0.51#0.5#0.49#0.48#0.48#0.47#0.47#0.44#0.44#0.43#0.41#0.41#0.37#0.35#0.34#0.34#0.34#0.32#0.32#0.28#0.28#0.27#0.27#0.26#0.24#0.2#0.2#0.19#0.19#0.19#0.18#0.14#0.13#0.13#0.12#0.12#0.11#0.11#0.1#0.1#0.08#0.08#0.04#0.04#0.03#0.02#0.01"
"90";90;"male90";1;1;"174#107#154#196#126#175#176#182#123#151#193#101#115#192#167#199#194#127#173#150#137#156#159#141#102#106#181#153#133#116#191#184#180#195#160#152#128#139#148#114#164#189#144#142#185#140#155#187#119#112#172#104#110#161#200#171#158#108#198#186#134#157#111#170#190#136#188#120#178#121";"1#0.97#0.96#0.95#0.95#0.94#0.94#0.9#0.89#0.88#0.88#0.87#0.86#0.85#0.85#0.84#0.83#0.79#0.75#0.75#0.74#0.74#0.72#0.62#0.62#0.61#0.59#0.57#0.57#0.56#0.56#0.56#0.53#0.52#0.52#0.51#0.51#0.48#0.46#0.45#0.44#0.42#0.41#0.39#0.39#0.38#0.37#0.37#0.32#0.31#0.3#0.28#0.27#0.26#0.24#0.23#0.22#0.2#0.18#0.16#0.16#0.14#0.12#0.12#0.12#0.11#0.08#0.07#0.04#0.01"
"91";91;"male91";1;1;"173#135#116#137#158#171#102#189#113#103#176#140#123#200#141#111#185#187#105#129#134#161#155#172#192#162#142#165#168#101#130#107#132#149#131#112#197#119#146#156#198";"0.9#0.89#0.89#0.89#0.82#0.77#0.76#0.72#0.71#0.7#0.69#0.69#0.67#0.64#0.64#0.63#0.61#0.61#0.56#0.55#0.52#0.45#0.42#0.41#0.4#0.39#0.32#0.32#0.24#0.22#0.19#0.17#0.15#0.13#0.11#0.11#0.1#0.09#0.06#0.04#0.03"
"92";92;"male92";1;1;"181#131#121#129#110#119#112#145#166#195#197#143#159#158#176#104#122#128#168#151#198#139#187#109#140#150#115#136#160#162#154#193#114#113#134#175#164#123#174#144#127#155#170#184#108#142#178#103#182#101#116";"1#0.99#0.93#0.9#0.9#0.89#0.86#0.83#0.8#0.78#0.73#0.72#0.69#0.63#0.61#0.58#0.57#0.56#0.55#0.54#0.54#0.54#0.52#0.48#0.48#0.48#0.47#0.45#0.42#0.42#0.41#0.4#0.37#0.32#0.32#0.28#0.22#0.19#0.19#0.13#0.12#0.1#0.08#0.07#0.06#0.04#0.04#0.02#0.01#0#0"
"93";93;"male93";1;1;"130#127#162#165#145#177#193#161#147#199#178#190#114#174#136#188#166#152#198#110#108#187#121#192#138#197#133#148#122#179#109#154#164#181#183#105#156#117#132#137#184#189#139#119#126#146#185#163#106#143#131#111#141#157#195#167#170#115#134#160#173#191#116#171#153#172#128#182#102#194#135#107#175#155#196#158#113";"1#0.99#0.99#0.98#0.96#0.95#0.94#0.93#0.91#0.91#0.91#0.88#0.86#0.82#0.82#0.8#0.79#0.77#0.77#0.74#0.72#0.7#0.69#0.68#0.68#0.67#0.66#0.64#0.64#0.63#0.63#0.63#0.63#0.62#0.62#0.6#0.6#0.59#0.55#0.55#0.52#0.5#0.49#0.49#0.45#0.44#0.43#0.4#0.4#0.39#0.37#0.35#0.35#0.35#0.34#0.34#0.33#0.32#0.31#0.31#0.29#0.26#0.26#0.23#0.23#0.22#0.2#0.2#0.17#0.17#0.17#0.16#0.15#0.14#0.14#0.08#0.07"
"94";94;"male94";1;1;"145#152#197#159#101#182#170#178#119#157#135#161#113#173#162#106#177#176#191#115#181#147#174#193#134#200#143#192#190#125#130#183#137#111#110#132#195#194#146";"0.94#0.93#0.91#0.9#0.86#0.86#0.85#0.83#0.75#0.73#0.69#0.65#0.64#0.6#0.58#0.53#0.53#0.48#0.47#0.44#0.41#0.32#0.32#0.32#0.3#0.29#0.29#0.29#0.26#0.25#0.22#0.22#0.21#0.19#0.16#0.12#0.11#0.06#0.03"
"95";95;"male95";1;1;"182#169#152#192#145#123#129#195#143#116#122#183#125#121#189#118#167#185#200#193#166#190#134#157#149#147#144#150#165#119#126#153#184#101#191#177#194#137#128#187#188#141#156#107#115#158#139#164#103#104#172#124#154#181#108#186#175#105#146#163#155#198#106#148#196#110#171#131#112#117#168#136#135#132#130#180#138#133#140#160#176#199#159#151#113#173#102#109#114#161#179#174#170#120";"1#0.97#0.97#0.97#0.97#0.97#0.95#0.94#0.94#0.93#0.91#0.88#0.88#0.88#0.87#0.85#0.84#0.84#0.84#0.82#0.79#0.77#0.76#0.73#0.73#0.73#0.72#0.71#0.71#0.69#0.68#0.67#0.66#0.66#0.61#0.59#0.57#0.56#0.56#0.54#0.52#0.5#0.5#0.5#0.49#0.49#0.49#0.48#0.46#0.46#0.44#0.44#0.44#0.43#0.43#0.42#0.42#0.4#0.37#0.37#0.37#0.36#0.36#0.35#0.32#0.29#0.29#0.28#0.27#0.27#0.27#0.26#0.24#0.23#0.21#0.2#0.2#0.2#0.2#0.19#0.19#0.18#0.18#0.17#0.1#0.1#0.09#0.07#0.06#0.03#0.03#0.02#0.01#0.01"
"96";96;"male96";1;1;"158#185#186#152#184#168#118#122#199#109#193#181#149";"0.78#0.76#0.63#0.57#0.56#0.55#0.55#0.45#0.4#0.39#0.03#0.02#0.02"
"97";97;"male97";1;1;"172#183#133#163#157#124#171#120#154#200#106#199#142#169#143#150#128#140#152#177#161#101#168#165#129#198#127#110#112#196#159#191#188#186#114#138#182";"0.96#0.95#0.93#0.92#0.89#0.87#0.82#0.82#0.81#0.76#0.69#0.68#0.65#0.61#0.59#0.59#0.56#0.56#0.52#0.46#0.42#0.42#0.41#0.4#0.36#0.31#0.3#0.24#0.22#0.22#0.22#0.2#0.19#0.13#0.12#0.12#0.03"
"98";98;"male98";1;1;"153#141#131#185#173#123#130#191#127#167#136#137#120#182#149#177#139#132#183#160#155#169#103#115#146#147#161#135#159#113#170#168#118#189#111#195#199#148#178#180#154#175#109#150#138#101#188#129#174#121#198#112#107#140#156#197#152#110#119#122#106#164#134#190#158#108#200#194#166#181#117#163#126#151#176#187#124#179#142#184#192#133#144#145#128#162#165#114#143#196#193#171#157#125#102#104#186";"0.99#0.98#0.98#0.96#0.95#0.93#0.93#0.93#0.91#0.9#0.9#0.89#0.88#0.87#0.87#0.87#0.85#0.85#0.83#0.82#0.82#0.8#0.79#0.79#0.79#0.78#0.78#0.73#0.72#0.72#0.69#0.69#0.68#0.68#0.65#0.64#0.63#0.63#0.63#0.6#0.58#0.57#0.55#0.55#0.54#0.48#0.47#0.46#0.45#0.44#0.44#0.43#0.42#0.42#0.42#0.42#0.41#0.4#0.39#0.38#0.37#0.36#0.33#0.33#0.33#0.33#0.33#0.32#0.32#0.31#0.3#0.29#0.29#0.27#0.27#0.2#0.2#0.19#0.18#0.17#0.17#0.16#0.15#0.13#0.13#0.12#0.11#0.1#0.08#0.08#0.07#0.06#0.04#0.03#0.03#0.02#0"
"99";99;"male99";1;1;"103#128#136#127#112#113#182#140#110#114#181#194#175#148#123#169#106#107#186#141#185#156#133#142#111#139#109#176#165#119#153#124#144#115#187#151#162#161#129#179#190#193#138#126#164#159#122#196#154#131#180#199#120#101#192#168#172#104#163#147#173#166#155#121#150#118#157#171#149#143#125#137#132#130#145#184#116#167#152#174#188";"0.98#0.97#0.96#0.93#0.93#0.9#0.88#0.87#0.85#0.84#0.82#0.8#0.78#0.77#0.76#0.74#0.73#0.73#0.73#0.72#0.72#0.72#0.71#0.7#0.68#0.67#0.66#0.64#0.63#0.63#0.63#0.63#0.62#0.61#0.61#0.6#0.6#0.6#0.56#0.54#0.51#0.48#0.48#0.46#0.45#0.43#0.43#0.42#0.41#0.41#0.41#0.41#0.4#0.38#0.38#0.37#0.37#0.37#0.34#0.34#0.34#0.32#0.32#0.31#0.31#0.3#0.29#0.29#0.28#0.25#0.22#0.2#0.18#0.18#0.16#0.15#0.14#0.11#0.06#0.05#0"
"100";100;"male100";1;1;"177#120#200#121#148#165#133#104#184#109#147#174#132#196#115#123#151#153#154#175#111#163#107#190#144#187#116#135#166#112#110#152#105#131#188#106#176";"0.96#0.95#0.87#0.83#0.81#0.76#0.73#0.72#0.68#0.66#0.65#0.6#0.59#0.56#0.55#0.54#0.54#0.49#0.45#0.36#0.35#0.32#0.27#0.25#0.23#0.22#0.21#0.2#0.19#0.19#0.15#0.15#0.15#0.14#0.11#0.06#0.02"
"101";101;"female1";1;2;"97#59#100#21#10#79#27#33#62#77#63#5#44#38#78#54#23#26#39#83#99#98#64#42#74#68#35#12#18#93#41#22#15#92#56#86#9#88#67#71#49#85#20#19#11#94#45#46#48#28#1#16#47#55";"0.98#0.97#0.96#0.91#0.91#0.9#0.87#0.83#0.83#0.83#0.82#0.82#0.78#0.77#0.75#0.69#0.68#0.68#0.68#0.67#0.62#0.61#0.55#0.55#0.55#0.54#0.5#0.49#0.48#0.48#0.47#0.45#0.44#0.41#0.4#0.37#0.35#0.35#0.35#0.33#0.32#0.3#0.26#0.25#0.24#0.19#0.18#0.16#0.14#0.14#0.12#0.09#0.08#0.02"
"102";102;"female2";1;2;"18#79#81#1#27#46#82#66#78#87#44#8#76#37";"0.89#0.86#0.84#0.76#0.69#0.56#0.54#0.39#0.3#0.18#0.15#0.02#0.01#0"
"103";103;"female3";1;2;"49#94#57#11#51#54#64#29#63#47#72#39#70#89#81#87#65#2#41#82#3#44#43#96#5#69#99#38#97#79#22#6#98#37#12#4#46#62#7#88#76#73#71#85#40#75#93#67#10#8#32#34#42#13#21#66#35#95#100#27#20#16#23#9#91#74#53#68#36#26#1#77#17#50#24#25#28#80#58#14";"1#0.99#0.96#0.95#0.95#0.94#0.89#0.86#0.84#0.83#0.83#0.83#0.81#0.8#0.79#0.79#0.78#0.77#0.73#0.72#0.72#0.69#0.66#0.66#0.64#0.64#0.64#0.61#0.59#0.58#0.58#0.57#0.57#0.57#0.55#0.54#0.52#0.5#0.5#0.5#0.49#0.48#0.47#0.46#0.46#0.44#0.42#0.41#0.4#0.4#0.4#0.39#0.37#0.37#0.35#0.33#0.32#0.31#0.3#0.3#0.28#0.28#0.27#0.27#0.26#0.24#0.24#0.23#0.21#0.2#0.16#0.12#0.1#0.08#0.08#0.08#0.07#0.04#0.03#0.01"
"104";104;"female4";1;2;"77#30#36#98#51#14#29#79#70#55#5#60#37#6#64#10#81#25#15#73#11#94#97#68#88#52#58#32#33#18#20#63#67#49#83#84#75#78#48#17#92#74#56#42#7#45#85#9#46#4#3#62#69#66#27#95#34#21#72#13#80#44#54#93#76#35#28#50#90#12#96#89#99#26#41#39#31#24#22#8#82#2#43";"1#0.93#0.92#0.92#0.9#0.89#0.89#0.87#0.84#0.84#0.83#0.82#0.82#0.8#0.8#0.77#0.77#0.76#0.74#0.72#0.71#0.71#0.69#0.68#0.68#0.68#0.65#0.65#0.61#0.59#0.57#0.57#0.56#0.56#0.56#0.56#0.55#0.53#0.52#0.52#0.52#0.51#0.47#0.44#0.42#0.39#0.38#0.37#0.36#0.35#0.34#0.34#0.33#0.33#0.3#0.3#0.3#0.3#0.29#0.28#0.28#0.28#0.27#0.27#0.27#0.22#0.16#0.14#0.14#0.14#0.13#0.12#0.12#0.12#0.11#0.08#0.06#0.04#0.03#0.03#0.02#0.01#0"
"105";105;"female5";1;2;"11#54#34#56#25#38#7#93#37#30#53#9#23#6#40#36#57#96#48#70#24#98#16#41#50#4#62#91#31#28#100#87#1#13#10#67#78#51#55#44#35#45#92#90#73#21#12#47#58#74#66#43";"0.99#0.96#0.95#0.94#0.91#0.9#0.88#0.86#0.82#0.82#0.82#0.8#0.79#0.78#0.78#0.75#0.74#0.73#0.73#0.73#0.7#0.69#0.6#0.59#0.57#0.55#0.53#0.51#0.5#0.48#0.45#0.45#0.39#0.37#0.34#0.33#0.3#0.28#0.27#0.26#0.25#0.24#0.17#0.17#0.15#0.14#0.14#0.11#0.11#0.07#0.04#0.02"
"106";106;"female6";1;2;"88#71#5#70#97#9#29#52#44#69#89#68#53#34#91#26#14#21#55#8#37#87#32#82#77#75#98#17#67#6#96#86#23#59#47#31#63#49#12#46#78#79#58#51#10#85#45#36#100#66";"0.99#0.99#0.98#0.97#0.95#0.95#0.94#0.91#0.89#0.87#0.87#0.84#0.81#0.79#0.78#0.76#0.71#0.64#0.62#0.57#0.55#0.54#0.53#0.44#0.44#0.43#0.41#0.41#0.37#0.36#0.35#0.34#0.31#0.31#0.21#0.2#0.18#0.16#0.14#0.13#0.09#0.09#0.08#0.07#0.05#0.05#0.04#0.04#0.04#0.02"
"107";107;"female7";1;2;"62#33#45#56#58#6#8#21#68#18#87#13#35#81#75#59#78#51";"0.93#0.84#0.83#0.83#0.81#0.51#0.5#0.5#0.47#0.44#0.38#0.31#0.24#0.18#0.12#0.11#0.02#0.01"
"108";108;"female8";1;2;"74#37#100#68#76#3#43#10#14#47#17#40#8#36#9#78#6#33#67#32#86#13#58#22#96#66#81#71#31#97#56#18#34#85#15#84#5#79#73#39#21#82#38#72#35#91#49";"0.98#0.97#0.95#0.94#0.87#0.86#0.83#0.81#0.79#0.79#0.75#0.73#0.66#0.63#0.62#0.62#0.54#0.54#0.53#0.53#0.53#0.52#0.52#0.5#0.5#0.47#0.45#0.44#0.43#0.42#0.4#0.4#0.39#0.36#0.34#0.33#0.3#0.22#0.21#0.19#0.13#0.11#0.11#0.09#0.08#0.06#0.02"
"109";109;"female9";1;2;"59#70#11#29#56#73#96#69#39#100#47#33#79#42#94#93";"0.87#0.87#0.77#0.73#0.63#0.62#0.59#0.56#0.37#0.26#0.23#0.21#0.21#0.14#0.05#0.01"
"110";110;"female10";1;2;"71#83#9#32#96#59#19#49#62#2#4#8#87#14#66#74#26#18#50#84#20#63#90#53#11#94#88#1#79#57#48#73#25#77#27#36#55#37#10#97#44#47#76#100#43#65#93#51#99#56#34#21#69#58";"0.99#0.98#0.97#0.92#0.92#0.91#0.91#0.91#0.89#0.88#0.84#0.84#0.79#0.78#0.74#0.73#0.7#0.68#0.67#0.66#0.64#0.63#0.63#0.62#0.59#0.58#0.55#0.53#0.49#0.48#0.44#0.42#0.42#0.39#0.36#0.36#0.34#0.34#0.29#0.26#0.25#0.23#0.22#0.17#0.17#0.14#0.13#0.07#0.06#0.05#0.05#0.02#0.01#0.01"
"111";111;"female11";1;2;"13#20#1#6#81#26#31";"0.64#0.5#0.38#0.26#0.26#0.08#0.06"
"112";112;"female12";1;2;"43#5#72#89#9#32#80#65#70#84#91#10#33#36#58#98#17#4#88#85#12#57#67#97#6#1#55#99#18#87#11#34#64#75#71#63#41#66#93#76#45#8#54#46#30#81#49#86#78#96#37#69#95#68#27#77#25#28#14#60#92#50#82#26#16#23#56#22#94#73#31#19";"0.99#0.98#0.97#0.96#0.94#0.94#0.93#0.93#0.93#0.92#0.9#0.89#0.88#0.88#0.86#0.84#0.83#0.82#0.81#0.8#0.79#0.77#0.76#0.72#0.72#0.71#0.71#0.68#0.67#0.66#0.66#0.64#0.64#0.6#0.59#0.56#0.51#0.49#0.48#0.48#0.46#0.43#0.43#0.43#0.38#0.38#0.38#0.38#0.33#0.31#0.31#0.3#0.3#0.28#0.27#0.25#0.23#0.22#0.22#0.21#0.19#0.15#0.11#0.1#0.1#0.09#0.07#0.07#0.03#0.03#0.03#0"
"113";113;"female13";1;2;"49#23#1#65#45#36#72#95#93#67#83#59#55#25#40#20#13#89#3#84#8";"0.92#0.91#0.89#0.88#0.86#0.85#0.82#0.76#0.75#0.65#0.56#0.54#0.42#0.41#0.33#0.33#0.29#0.24#0.24#0.12#0.09"
"114";114;"female14";1;2;"";""
"115";115;"female15";1;2;"64#4#69#61#35#84#70#28#100#37#68#74#51#29#13#12#2#17#58#96#11#5#90#97#16#54#79#59#36#67#88#82#55#63#44#24#72#56#93#6#22#66#71#78#65#75#18#33#30#40#9#7#85#3#34#23#89#27#77#19#32#50#46#73#47#87#26#62#98#14#15#53#48#31#10#21#94#42#41#76#25#52#39#80#86#20#83";"1#1#0.99#0.94#0.94#0.9#0.9#0.89#0.88#0.88#0.84#0.84#0.82#0.82#0.81#0.8#0.79#0.78#0.78#0.77#0.75#0.75#0.72#0.71#0.69#0.69#0.64#0.63#0.62#0.62#0.61#0.6#0.58#0.57#0.56#0.56#0.55#0.55#0.55#0.55#0.54#0.53#0.51#0.51#0.5#0.49#0.48#0.48#0.45#0.44#0.43#0.43#0.43#0.38#0.38#0.37#0.36#0.35#0.35#0.33#0.3#0.3#0.29#0.27#0.25#0.25#0.2#0.18#0.16#0.16#0.1#0.1#0.09#0.09#0.09#0.05#0.05#0.05#0.04#0.04#0.03#0.03#0.02#0.02#0.02#0.02#0.01"
"116";116;"female16";1;2;"96#41#72#62#61#100#76#99#42#48#70#78#87#29#36#83#98#71#92#88#19#94#68#89#52#73#28";"0.97#0.96#0.92#0.85#0.83#0.83#0.81#0.71#0.71#0.55#0.47#0.47#0.45#0.42#0.39#0.37#0.34#0.33#0.3#0.3#0.22#0.21#0.12#0.11#0.03#0.03#0.02"
"117";117;"female17";1;2;"22#27#72#11#51#16#15#34#76#45#31#62#13#41#49#92#9#84#33#58#93#65#6#54#50#80#38#23#37#78#79#5#81#96#3#25#66#69#64#43#28#47#82#1#97#77#7#48#24#71#99#56#57#60#39#29#61#67#85";"1#0.99#0.98#0.92#0.91#0.89#0.86#0.86#0.84#0.84#0.83#0.81#0.79#0.74#0.74#0.69#0.69#0.64#0.64#0.62#0.59#0.59#0.57#0.56#0.54#0.5#0.5#0.48#0.46#0.44#0.43#0.41#0.4#0.4#0.39#0.38#0.38#0.31#0.27#0.27#0.26#0.26#0.22#0.22#0.21#0.2#0.19#0.18#0.18#0.17#0.17#0.15#0.15#0.11#0.11#0.09#0.06#0.03#0"
"118";118;"female18";1;2;"67#83#9#20#55#70#86#28#44#26#6#24#84#79#18#78#14#77#23#59#13#2#46#56#48#74#27#42#58#87#76#61#7#45#50#19#68#90#29#89#69#41#80#5#49#82#93";"0.99#0.99#0.98#0.95#0.95#0.95#0.89#0.88#0.83#0.8#0.8#0.78#0.78#0.77#0.75#0.73#0.72#0.71#0.7#0.67#0.66#0.63#0.6#0.56#0.56#0.53#0.48#0.48#0.48#0.48#0.43#0.36#0.34#0.34#0.32#0.3#0.25#0.21#0.19#0.18#0.17#0.16#0.12#0.11#0.05#0.04#0.04"
"119";119;"female19";1;2;"8#55#69#73#81#91#64#52#16#22#10#70#75#89#85#87#90#97#54#50#13#14#15#43#60#3#12#94#11#96#59#53#95#38#27#1#32#18#17#51#44#24#28#46#58#84#77#83#30#78#34#80#4#21#68#76#62#25#56#82#23#37#47#61#45#41#2#100#35#98#74";"1#0.99#0.99#0.95#0.95#0.94#0.94#0.91#0.91#0.87#0.87#0.87#0.85#0.84#0.84#0.82#0.82#0.79#0.76#0.76#0.75#0.73#0.68#0.66#0.64#0.63#0.63#0.62#0.61#0.59#0.58#0.55#0.55#0.53#0.51#0.51#0.49#0.48#0.48#0.47#0.46#0.46#0.45#0.44#0.39#0.39#0.38#0.33#0.33#0.32#0.31#0.3#0.27#0.27#0.24#0.24#0.24#0.21#0.2#0.19#0.18#0.18#0.17#0.09#0.09#0.08#0.07#0.05#0.04#0.01#0.01"
"120";120;"female20";1;2;"33#67#13#69";"0.77#0.45#0.33#0.22"
"121";121;"female21";1;2;"58#69#6#66#79#84#9#24#77#35#52#23#2#38#78#95#39#40#63#83#97#55#74#94#59#82#42#91#92#18#57#45#81#29#70#67#25#65#28#100#21#71#60#48#8#32#89#61#16#14#80#76#98#19#53#85#54#10#90#99#56";"0.96#0.95#0.93#0.93#0.89#0.88#0.87#0.85#0.85#0.84#0.84#0.82#0.76#0.74#0.74#0.72#0.71#0.7#0.68#0.67#0.64#0.63#0.62#0.59#0.58#0.57#0.55#0.54#0.53#0.48#0.46#0.46#0.46#0.46#0.45#0.43#0.43#0.41#0.39#0.39#0.38#0.37#0.36#0.34#0.32#0.29#0.28#0.27#0.27#0.27#0.26#0.24#0.23#0.2#0.2#0.19#0.16#0.14#0.14#0.11#0.1"
"122";122;"female22";1;2;"88#73#2#54#39#48#65#60#81#74#26#95#49#18#82#13#100#87#80#62#98#52#77#85#1#25#94#34#92#91#75#67#90#63#43#66#37#59#64#14#55#56#35#68#86#9#36#76#20#40#41#6#10#61#19#70#3#33#44#32";"0.98#0.96#0.9#0.88#0.82#0.81#0.78#0.74#0.71#0.68#0.66#0.65#0.62#0.62#0.59#0.58#0.55#0.51#0.51#0.51#0.5#0.47#0.45#0.44#0.43#0.42#0.4#0.38#0.37#0.34#0.33#0.32#0.31#0.29#0.27#0.26#0.26#0.26#0.25#0.23#0.2#0.2#0.17#0.17#0.14#0.14#0.1#0.1#0.1#0.08#0.07#0.07#0.06#0.06#0.05#0.05#0.04#0.01#0.01#0"
"123";123;"female23";1;2;"78#1#76#94#81#49#88#84#31#40#66#97#48#17#7#68#35#42#45#63#16#8#65#77#64#47#70#23#71#9#29#5#34#3#50#67#15#33#60#54#28#38#92#2#14#30#90#61#20#44#62#89#32#95#51#99#91#75#93#24#98#57#73#87#96#72#21#11#36";"0.97#0.96#0.95#0.95#0.94#0.92#0.92#0.91#0.89#0.88#0.88#0.86#0.85#0.84#0.83#0.82#0.81#0.78#0.73#0.72#0.71#0.71#0.71#0.7#0.68#0.65#0.6#0.59#0.57#0.55#0.53#0.51#0.51#0.51#0.46#0.43#0.43#0.42#0.39#0.39#0.38#0.35#0.32#0.3#0.3#0.29#0.28#0.27#0.27#0.26#0.26#0.24#0.23#0.22#0.21#0.21#0.15#0.14#0.14#0.12#0.1#0.1#0.09#0.08#0.08#0.07#0.05#0.04#0.01"
"124";124;"female24";1;2;"10#68#51#86#67#18#14#5#95#82#13#88#43#33#80#71#23#40#22#100#83#39#90#65#77#60#29#49#63#41#52#48#54#38#93#91#3#50#87#85#76#59#75#35#26#32#70#73#17#6#94#61#46#98#28#79#27#31";"0.98#0.98#0.97#0.97#0.97#0.97#0.97#0.93#0.89#0.88#0.83#0.83#0.82#0.79#0.78#0.77#0.77#0.77#0.76#0.75#0.74#0.69#0.68#0.68#0.66#0.64#0.63#0.61#0.58#0.51#0.5#0.42#0.41#0.41#0.39#0.38#0.38#0.37#0.37#0.33#0.3#0.25#0.23#0.22#0.21#0.13#0.13#0.12#0.12#0.12#0.12#0.11#0.1#0.07#0.06#0.05#0.05#0.04"
"125";125;"female25";1;2;"85#58#55#33#77#63#27#13#34#17#60#71#65#1#6#92#74#28#23#95#97#53#39#7#8#70#57#81#31#66#37#12#82#89#46#99#42#56#79#96#16#83#62#80#29#5#4#68#93#40#36#72#61#59#2#64#18#10#30";"1#0.99#0.98#0.91#0.88#0.87#0.86#0.83#0.83#0.8#0.79#0.79#0.74#0.73#0.72#0.62#0.6#0.6#0.58#0.58#0.56#0.56#0.51#0.51#0.5#0.49#0.45#0.44#0.42#0.4#0.38#0.38#0.37#0.37#0.36#0.33#0.3#0.29#0.27#0.24#0.24#0.23#0.21#0.21#0.2#0.2#0.18#0.18#0.14#0.1#0.1#0.08#0.07#0.06#0.06#0.06#0.05#0.04#0.02"
"126";126;"female26";1;2;"16#59#77#34#36#43#8#48#63#79#1#49#23#69#41#82#51#26#50#92#44#88#72#3#73#7#78#37#75#57#15#39#94#93#91#64#40#4#96#99#25#47#83#65#19#60";"0.97#0.94#0.94#0.93#0.9#0.89#0.88#0.86#0.86#0.86#0.82#0.81#0.74#0.73#0.68#0.68#0.68#0.65#0.6#0.58#0.55#0.55#0.54#0.52#0.51#0.5#0.47#0.43#0.42#0.41#0.36#0.31#0.28#0.23#0.2#0.19#0.19#0.17#0.11#0.1#0.1#0.08#0.08#0.07#0.05#0.05"
"127";127;"female27";1;2;"20#25#27#46#63#59#15#2#16#94#14#9#82#10#23#80#89#74#3#96#18#29#19#68#13#84#70#93#83#1#54#41#57#35#37#90#61#44#48#32#77";"0.96#0.93#0.9#0.87#0.87#0.85#0.84#0.75#0.73#0.72#0.7#0.58#0.57#0.56#0.55#0.49#0.48#0.48#0.48#0.45#0.43#0.41#0.41#0.4#0.38#0.38#0.34#0.34#0.33#0.31#0.28#0.27#0.22#0.18#0.16#0.14#0.1#0.09#0.08#0.07#0"
"128";128;"female28";1;2;"51#20#88#75#31#64#82#100#85#90#10#34#71#99#40#18#93#28#79#27#67#91#25#42#6#21#48#43#84#30#63#29#70#50#39#44#37#87#77#55#52#12#33#58#68#3#8#74#81#41#78#72#80#98#16#59#13#35#73#56#92#32#36#47#54#11#2#7#14#76#53#89#65";"0.98#0.94#0.93#0.93#0.93#0.92#0.92#0.91#0.9#0.89#0.88#0.87#0.86#0.85#0.82#0.8#0.79#0.79#0.79#0.78#0.77#0.77#0.77#0.76#0.75#0.72#0.7#0.68#0.68#0.64#0.64#0.62#0.62#0.53#0.53#0.51#0.49#0.48#0.44#0.4#0.39#0.39#0.38#0.37#0.36#0.36#0.36#0.32#0.31#0.28#0.25#0.25#0.24#0.21#0.21#0.18#0.17#0.17#0.16#0.16#0.16#0.14#0.12#0.11#0.11#0.11#0.08#0.07#0.07#0.06#0.06#0.06#0.06"
"129";129;"female29";1;2;"84#76#35#83#30#23#87#46#14#72#53#25#98#59#86#82#50#8#81#63#31#38#11#13#18#93#32#36#45#78#12#73#21#49#77#28#41";"0.97#0.96#0.95#0.95#0.94#0.94#0.92#0.91#0.9#0.87#0.81#0.81#0.79#0.73#0.7#0.57#0.54#0.49#0.49#0.46#0.45#0.44#0.41#0.37#0.37#0.36#0.33#0.3#0.28#0.26#0.24#0.23#0.23#0.21#0.19#0.16#0.09"
"130";130;"female30";1;2;"61#55#70#83#96#44#10#42#80#58#74#20#77#43#9#63#54#87#26#24#4#12#15#38#79#62#71#85#18#65#91#50#69#6#78#46#90#30#45#22#8#48#75#32#28#17#100#23#94#99#84#57#7#5";"0.94#0.94#0.92#0.91#0.89#0.87#0.87#0.86#0.84#0.83#0.81#0.78#0.77#0.73#0.72#0.71#0.67#0.63#0.63#0.56#0.54#0.53#0.5#0.5#0.5#0.49#0.47#0.46#0.45#0.45#0.45#0.44#0.4#0.4#0.38#0.35#0.32#0.29#0.29#0.27#0.24#0.18#0.17#0.15#0.15#0.15#0.14#0.14#0.04#0.03#0.03#0.03#0.02#0"
"131";131;"female31";1;2;"90#10#63#54#89#11#97#50#24#78#66#38";"0.91#0.89#0.87#0.84#0.83#0.77#0.65#0.57#0.4#0.19#0.11#0.11"
"132";132;"female32";1;2;"";""
"133";133;"female33";1;2;"37#55#85#63#1#18#26#94#32#29#39#27#60#34#20#41#7#95#69#2#44#78#6#16#100#64#13#86#82#50#75#31#96#49#97#3#14#38#72#89#28#99#91#22#46#73#4#81";"0.98#0.95#0.94#0.91#0.84#0.84#0.81#0.81#0.79#0.77#0.75#0.74#0.73#0.69#0.67#0.64#0.62#0.61#0.61#0.6#0.57#0.57#0.55#0.53#0.51#0.48#0.46#0.43#0.43#0.41#0.39#0.38#0.36#0.35#0.28#0.23#0.22#0.22#0.2#0.13#0.12#0.1#0.1#0.07#0.07#0.05#0.03#0.01"
"134";134;"female34";1;2;"15#87#83#26#50#12#35#40#56#79#73#21#64#45#30#13#10";"0.97#0.91#0.87#0.81#0.8#0.73#0.68#0.61#0.5#0.4#0.38#0.37#0.3#0.25#0.16#0.15#0.07"
"135";135;"female35";1;2;"13#77#98#48#31#88#86#78#18#44#53#21#20#9#17#14#55#28#51#10#95#35#43#23#83#74#97#64#42#50#89#80#73#66#52#26#57#96#76#2#70#82#90#62#22#87#84#27#39#91#25#58#54#30#11#67#65#8#4#94#72#47#19#40#34#63#79#5#37#38#93#41#81#45#49#15#36#68#3#92#56#61#33#16";"1#0.99#0.99#0.98#0.98#0.97#0.96#0.95#0.93#0.9#0.88#0.88#0.86#0.86#0.86#0.84#0.83#0.81#0.77#0.75#0.72#0.69#0.67#0.66#0.65#0.61#0.61#0.59#0.59#0.55#0.54#0.52#0.51#0.51#0.5#0.5#0.49#0.49#0.48#0.47#0.46#0.44#0.44#0.44#0.41#0.4#0.37#0.36#0.36#0.34#0.32#0.32#0.31#0.31#0.3#0.29#0.28#0.26#0.23#0.23#0.22#0.22#0.21#0.21#0.19#0.19#0.19#0.16#0.16#0.16#0.15#0.14#0.14#0.13#0.11#0.1#0.09#0.08#0.07#0.06#0.06#0.05#0.04#0.01"
"136";136;"female36";1;2;"36#24#56#26#19#27#88#86#67#61#74#12#81#50#89#9#15#52#83#17#97#96#55#2#100#84#57#5#4#14#54#39#3#44#33#16#92#72#71#47#98#76#35#48#63#80#51#28#66#21#20#49#37#79#73#7#23#32#78#41#1#77#13#82#85#94#22#62#53#90#58#40#6#42#38";"0.99#0.98#0.97#0.9#0.88#0.87#0.86#0.86#0.83#0.82#0.81#0.78#0.77#0.76#0.73#0.72#0.72#0.71#0.7#0.66#0.65#0.65#0.64#0.63#0.61#0.61#0.61#0.61#0.6#0.59#0.58#0.58#0.55#0.53#0.52#0.52#0.51#0.5#0.48#0.46#0.45#0.45#0.43#0.41#0.41#0.4#0.38#0.38#0.37#0.37#0.37#0.32#0.29#0.29#0.28#0.25#0.24#0.19#0.17#0.16#0.16#0.15#0.14#0.14#0.13#0.12#0.12#0.11#0.11#0.1#0.06#0.03#0.02#0.01#0.01"
"137";137;"female37";1;2;"77#86#74#64#42#65#48#83#100#50#44#3#38#59#47#9#49#23#91#33";"0.86#0.83#0.81#0.81#0.62#0.54#0.5#0.43#0.38#0.31#0.28#0.28#0.27#0.27#0.26#0.24#0.24#0.07#0.04#0.02"
"138";138;"female38";1;2;"64#26#68#83#84#15#81#13#24#38#74#16#9#70#49#35#2#96#54#52#12#30#37#19#47#45#5#61#59#72#73#31#42#94#8#89#90#7#100#57#20#82#27#25#36#50#43#78#65#48#44#92#18#29#4#99#34#75#79#53#22#97";"0.99#0.97#0.97#0.96#0.94#0.93#0.92#0.92#0.9#0.9#0.9#0.89#0.89#0.87#0.85#0.85#0.84#0.84#0.84#0.84#0.77#0.77#0.75#0.73#0.73#0.69#0.68#0.62#0.61#0.57#0.57#0.53#0.51#0.51#0.48#0.47#0.47#0.46#0.45#0.43#0.42#0.41#0.37#0.37#0.37#0.37#0.32#0.32#0.29#0.27#0.26#0.25#0.22#0.19#0.17#0.17#0.14#0.1#0.08#0.03#0.02#0.01"
"139";139;"female39";1;2;"22#53#30#9#98#5#78#40#31#39#33#21#17#88#62#41#14#80#57#96#69#83#65#32#89#47#64#72#2#44#42#18#67#3#50#20#36#99#19#94#81#75#58#24#48";"0.93#0.9#0.85#0.85#0.84#0.83#0.81#0.71#0.69#0.66#0.65#0.62#0.56#0.56#0.54#0.51#0.51#0.5#0.43#0.41#0.38#0.36#0.34#0.33#0.31#0.28#0.27#0.23#0.22#0.21#0.18#0.18#0.16#0.16#0.14#0.13#0.13#0.13#0.11#0.1#0.08#0.07#0.06#0.03#0.02"
"140";140;"female40";1;2;"81#3#32#69#21#73#46#79#40#64#24#88#86#52#20#41#74#28#60#39#78#56#43#93#100#31#89#1#9#37#27#51#19#4#84#38#42#8#96#70#95#14";"0.96#0.91#0.91#0.89#0.88#0.84#0.83#0.82#0.81#0.8#0.78#0.77#0.74#0.72#0.71#0.68#0.58#0.57#0.57#0.55#0.52#0.48#0.47#0.45#0.43#0.43#0.42#0.42#0.41#0.4#0.37#0.34#0.33#0.32#0.31#0.28#0.26#0.24#0.19#0.19#0.16#0.05"
"141";141;"female41";1;2;"92#30#25#88#78#77#6#83#61#71#24#20#18#35#67#3#31#87#13#4#33#44#16#79#2#21#63#36#34#81#7#45#19#66#53#48#26#100#74#27#64#90#46#50";"0.99#0.97#0.93#0.91#0.88#0.87#0.86#0.86#0.84#0.83#0.8#0.79#0.79#0.79#0.79#0.78#0.76#0.71#0.69#0.64#0.61#0.6#0.58#0.54#0.52#0.5#0.48#0.45#0.44#0.37#0.36#0.29#0.26#0.23#0.19#0.18#0.15#0.15#0.13#0.09#0.08#0.04#0.03#0"
"142";142;"female42";1;2;"12#87#48#99#68";"0.99#0.63#0.44#0.37#0.29"
"143";143;"female43";1;2;"9#76#74#91#42#95#52#43#60#83#17#68#61#46#37#41#71#14#50#89#31#81#85#24#79#100#77#38";"0.99#0.99#0.97#0.96#0.96#0.88#0.87#0.85#0.85#0.74#0.73#0.68#0.64#0.61#0.52#0.46#0.45#0.39#0.35#0.34#0.32#0.29#0.26#0.23#0.19#0.16#0.15#0.02"
"144";144;"female44";1;2;"69#18#26#71#43#1#97#65#51#92#68#44#8#30#99#34#37#59#5";"0.82#0.78#0.6#0.58#0.56#0.46#0.45#0.4#0.4#0.39#0.32#0.21#0.2#0.11#0.1#0.08#0.05#0.03#0.02"
"145";145;"female45";1;2;"13#60#49#12#98#8#39#11#86#27#41#79#90#57#71#15#58#70#80#7";"0.96#0.95#0.92#0.89#0.64#0.63#0.49#0.44#0.42#0.41#0.4#0.3#0.17#0.17#0.15#0.15#0.14#0.11#0.09#0.07"
"146";146;"female46";1;2;"97#15#59";"0.85#0.34#0.27"
"147";147;"female47";1;2;"84#46#39#45#4#38#83#42#47#57#66#20#82#68#34#88#9#40#3#91#31#92#10#95#49#51#11#35#6#14#61#33#32#60#62#79#29#93#71#28#87#63#59#2#67#26#69#96#100#18#52#53#23#43#78#12#30#90#89#37#75#80#94#65#8#1#64#27#17#74#97#7#24#36#15#76#48#81";"0.99#0.96#0.93#0.92#0.89#0.89#0.89#0.86#0.86#0.86#0.84#0.81#0.81#0.81#0.81#0.8#0.8#0.8#0.75#0.74#0.74#0.73#0.72#0.7#0.69#0.68#0.68#0.68#0.68#0.67#0.65#0.63#0.57#0.5#0.45#0.45#0.45#0.42#0.39#0.39#0.39#0.38#0.37#0.36#0.35#0.35#0.35#0.34#0.33#0.32#0.32#0.31#0.3#0.3#0.26#0.25#0.23#0.23#0.22#0.22#0.21#0.21#0.18#0.17#0.17#0.17#0.16#0.15#0.13#0.11#0.11#0.06#0.05#0.05#0.03#0.03#0.03#0.02"
"148";148;"female48";1;2;"50#76#33#31#3#22#29#51#64#92#75#98#77#39#66#71#36#91#30";"0.96#0.83#0.82#0.79#0.74#0.64#0.58#0.57#0.5#0.46#0.43#0.41#0.34#0.28#0.27#0.24#0.12#0.1#0.09"
"149";149;"female49";1;2;"10#20#95#54#30#49#60#35#9#66#23#83#53#46#68#94#79#13#28#38#44#41#64#88#8#98#33#42#93#47#70#89#29#39#40#4#50#52#14#87#91#86#31#55#76#17#22#48#84#67#72#75#51#43#57#78#6#58#74#59#2";"0.98#0.97#0.96#0.9#0.9#0.9#0.89#0.86#0.86#0.85#0.82#0.81#0.8#0.79#0.78#0.78#0.77#0.77#0.76#0.75#0.74#0.72#0.67#0.65#0.64#0.61#0.6#0.59#0.57#0.54#0.53#0.52#0.51#0.51#0.49#0.46#0.46#0.44#0.43#0.42#0.4#0.38#0.36#0.36#0.32#0.31#0.26#0.25#0.25#0.2#0.18#0.18#0.18#0.17#0.13#0.11#0.1#0.09#0.08#0.01#0.01"
"150";150;"female50";1;2;"53#48#65#17#63#44#83#14#89#2#9#78#59#80#24#87#92#93#96#51#71#33#90#39#41#32#85#64#94#52#12#18#31#73#97#72#74#8#21#5#26#37#6#69";"0.99#0.95#0.93#0.92#0.87#0.83#0.83#0.82#0.81#0.78#0.76#0.75#0.74#0.72#0.68#0.68#0.67#0.65#0.64#0.6#0.58#0.57#0.54#0.47#0.46#0.44#0.41#0.41#0.36#0.29#0.29#0.28#0.22#0.21#0.19#0.18#0.12#0.1#0.1#0.09#0.09#0.09#0.06#0.03"
"151";151;"female51";1;2;"7#92#2#71#16#63#61#97#40#18#6#54#91#59#74#83#90#67#17#77";"0.99#0.98#0.92#0.83#0.64#0.56#0.52#0.49#0.46#0.41#0.35#0.32#0.24#0.23#0.21#0.2#0.1#0.07#0.05#0.04"
"152";152;"female52";1;2;"34#80#73#78#75#43#19#71#40#21#38#67#13#23#48#64#31#42#22#18#88#95#41#4#97#90#20#25#69#24#9#81#29#60#16#7#52#94#54#6#1#17#59#70";"0.97#0.97#0.96#0.92#0.81#0.79#0.79#0.78#0.76#0.75#0.67#0.67#0.64#0.61#0.56#0.56#0.54#0.53#0.51#0.47#0.42#0.38#0.32#0.3#0.3#0.3#0.27#0.26#0.25#0.23#0.23#0.22#0.22#0.19#0.18#0.17#0.15#0.09#0.08#0.06#0.06#0.06#0.06#0.03"
"153";153;"female53";1;2;"89#12#91#23#20#93#87#46#97#78#84#5#29#72#11#33#83#36#26#24#95#38#66#45#53#4#85#16#15#48";"0.99#0.94#0.89#0.88#0.83#0.82#0.81#0.76#0.75#0.74#0.71#0.7#0.56#0.54#0.54#0.54#0.53#0.5#0.47#0.45#0.42#0.39#0.38#0.37#0.33#0.31#0.27#0.27#0.2#0.02"
"154";154;"female54";1;2;"74#53#98#47#25#16#67#31#14#24#21#68#77#43#41#9#54#15#20#42";"0.97#0.91#0.72#0.61#0.61#0.56#0.55#0.45#0.37#0.34#0.33#0.29#0.24#0.23#0.18#0.16#0.14#0.11#0.1#0.09"
"155";155;"female55";1;2;"47#95#87#8#85#88#98#15#5#39#1#11#45#82#97#48#66#41#56#55#44#79";"0.97#0.97#0.87#0.86#0.8#0.78#0.74#0.67#0.62#0.58#0.57#0.54#0.52#0.52#0.5#0.48#0.47#0.42#0.32#0.26#0.24#0.12"
"156";156;"female56";1;2;"22#25#3#34#94#67#65#77#8#76#19#27#14#90#48#98#33#6#91#20#78#71#64#92#38#88#96#4#17#86#87#1#35#59#29#85#15#50#40#83#16#26#51#7#21#30#81#24#99#68#46#75";"0.99#0.96#0.94#0.94#0.91#0.88#0.87#0.86#0.85#0.85#0.84#0.83#0.83#0.79#0.77#0.76#0.75#0.73#0.64#0.64#0.61#0.59#0.58#0.53#0.51#0.5#0.48#0.39#0.38#0.36#0.36#0.31#0.3#0.3#0.28#0.28#0.27#0.23#0.17#0.15#0.14#0.14#0.14#0.14#0.13#0.12#0.11#0.11#0.09#0.07#0.07#0.02"
"157";157;"female57";1;2;"57#1#59#14#78#10#40#25#73#32#36#75#67#7#87#24#16#20#33#89#38#6#11#5#41#64#46#80#35#83#99#17#48#70#30#94#31#28#79#53#91#19#50#49#95#82#56#76#22#2#81#42#52#37#43#61#9#21#72#62#96#18#13#29#97#47#39#66#90#15";"0.97#0.95#0.95#0.94#0.92#0.91#0.9#0.83#0.82#0.78#0.78#0.77#0.76#0.75#0.75#0.74#0.74#0.69#0.67#0.66#0.63#0.63#0.62#0.61#0.6#0.59#0.55#0.55#0.55#0.54#0.54#0.52#0.52#0.51#0.49#0.48#0.45#0.43#0.42#0.41#0.4#0.39#0.38#0.38#0.32#0.32#0.32#0.31#0.3#0.3#0.29#0.28#0.27#0.25#0.24#0.22#0.22#0.2#0.18#0.15#0.15#0.14#0.13#0.11#0.1#0.1#0.08#0.06#0#0"
"158";158;"female58";1;2;"50#78#59#30#64#89#9#98#38#91#87#3#26#40#45#27#71#29#10#73#8#33#69#100#56#63#82#95#67#1#60#16#66#54#80#12";"0.96#0.96#0.95#0.94#0.85#0.85#0.84#0.82#0.81#0.78#0.77#0.74#0.7#0.69#0.69#0.54#0.51#0.49#0.42#0.4#0.34#0.33#0.32#0.31#0.28#0.25#0.24#0.2#0.2#0.16#0.15#0.13#0.07#0.04#0.03#0.03"
"159";159;"female59";1;2;"37#67#40#61#65#63#42#54#72#9#18#3#21#91#30#76#32#11#5#59#56#95#100#45#89#48#15#55#1#99#84#35#80#26#12#90#17";"0.99#0.98#0.86#0.83#0.81#0.77#0.77#0.76#0.75#0.74#0.69#0.65#0.59#0.57#0.54#0.54#0.47#0.46#0.41#0.4#0.4#0.37#0.37#0.36#0.32#0.26#0.25#0.22#0.21#0.2#0.16#0.16#0.13#0.12#0.09#0.08#0.03"
"160";160;"female60";1;2;"55#61#7#76";"0.87#0.86#0.31#0.04"
"161";161;"female61";1;2;"13#4#46#38#78#51#29#9#68#75#15#55#62#41#67#49#64#40#73#61#25#98#37#82#87";"0.99#0.98#0.81#0.8#0.73#0.59#0.56#0.55#0.54#0.51#0.45#0.45#0.43#0.36#0.35#0.34#0.31#0.25#0.2#0.19#0.1#0.09#0.05#0.02#0.02"
"162";162;"female62";1;2;"92#13#94#57#2#77#75#86#95#53#69#10#100#27#38#18#33#51#70#73#20#45#64#24#17#79#21#30#85#32#97#56#84#65#47#87#78#19#89#98#55#25#43#7#29#6#82#54#52#61#3#81#11#74#41#93#50#66#90";"0.99#0.96#0.95#0.95#0.9#0.87#0.82#0.79#0.77#0.77#0.77#0.75#0.73#0.7#0.69#0.68#0.67#0.64#0.63#0.61#0.58#0.57#0.57#0.55#0.55#0.53#0.51#0.51#0.48#0.47#0.47#0.47#0.44#0.43#0.43#0.4#0.37#0.35#0.35#0.32#0.3#0.3#0.29#0.27#0.21#0.19#0.17#0.14#0.13#0.11#0.11#0.11#0.11#0.1#0.07#0.06#0.06#0.05#0.03"
"163";163;"female63";1;2;"1#9#71#45#42#10#36#29#56#61#87#76#70#89#35#88#37#33#41#4#99#5#43#59#22#100#93#57#50#84#38#68#90#34#72#2#44#51#82#53#91#21#19#69#81#98#39#32#49#26#86#63#58#46#85#54#79#78#83#15#28#14#13#97#23#27#47#60#74#77#94#11#48#17";"1#0.98#0.94#0.93#0.92#0.91#0.89#0.88#0.87#0.86#0.86#0.84#0.8#0.78#0.77#0.76#0.75#0.74#0.7#0.69#0.68#0.68#0.67#0.65#0.65#0.65#0.64#0.61#0.6#0.57#0.56#0.56#0.52#0.52#0.51#0.5#0.5#0.49#0.49#0.49#0.47#0.45#0.44#0.42#0.42#0.41#0.41#0.41#0.4#0.4#0.37#0.34#0.33#0.32#0.31#0.31#0.3#0.27#0.27#0.26#0.24#0.23#0.23#0.2#0.18#0.17#0.16#0.15#0.15#0.12#0.12#0.1#0.08#0.08"
"164";164;"female64";1;2;"37#7#89#48#53#95#94#41#3#13#44#96#72#98#35#18#83#50#93#31#91#77#26#8#32#97#82#11#74#79#66#15#17#68";"0.99#0.85#0.82#0.82#0.81#0.78#0.76#0.74#0.67#0.65#0.62#0.61#0.58#0.56#0.52#0.5#0.47#0.47#0.38#0.36#0.34#0.32#0.29#0.25#0.22#0.22#0.2#0.14#0.12#0.12#0.11#0.11#0.11#0.03"
"165";165;"female65";1;2;"27#3#55#86#29#48#81#88#52#16#89#90#69#94#12#36#93#73#37#38#99#78#35#22#87#43#40#97#72#33#31#13#100#65#11#25#4#18#20#54#70#80#7#49#75#14#67#60#21#5#83#85#98#74#62#96#1#66#79#30#28#91";"0.99#0.99#0.98#0.98#0.97#0.97#0.92#0.89#0.88#0.88#0.85#0.83#0.82#0.75#0.74#0.71#0.69#0.67#0.64#0.61#0.6#0.58#0.57#0.57#0.57#0.55#0.54#0.54#0.53#0.53#0.49#0.47#0.46#0.44#0.44#0.41#0.41#0.37#0.33#0.33#0.31#0.23#0.22#0.2#0.19#0.18#0.16#0.16#0.14#0.13#0.11#0.08#0.06#0.05#0.05#0.04#0.04#0.04#0.04#0.03#0.03#0.02"
"166";166;"female66";1;2;"88#73#7#60#84#86#91#21#22#90#41#52#1#51#3#42#76#40#100#14#44#95#11#85#31#29#20#83#96#77#72#54#46#12#26#56#65#6#10#49#75#39#2#99#59#78#70#5#94#50#53#35#15#62#63#61#93#58#9#24#16#4#33#98#45#37#82#36#79#69#27#19#48";"0.92#0.91#0.89#0.88#0.87#0.87#0.86#0.86#0.84#0.84#0.83#0.8#0.8#0.79#0.76#0.75#0.75#0.75#0.74#0.74#0.72#0.71#0.71#0.68#0.68#0.67#0.66#0.66#0.65#0.64#0.64#0.64#0.63#0.62#0.6#0.58#0.57#0.57#0.57#0.54#0.51#0.48#0.47#0.45#0.44#0.38#0.38#0.37#0.36#0.33#0.33#0.32#0.29#0.27#0.24#0.24#0.24#0.19#0.18#0.16#0.16#0.16#0.15#0.14#0.14#0.13#0.13#0.12#0.09#0.09#0.07#0.04#0.04"
"167";167;"female67";1;2;"4#18#85#63#43#10#38#48#66#5#86#61#71#100#62#52#55#42#41#67#96#79#64#3#97#27#54#19#84#99#53#7#70#46#8#39";"0.99#0.98#0.96#0.96#0.91#0.89#0.87#0.83#0.78#0.76#0.71#0.7#0.67#0.67#0.66#0.65#0.61#0.53#0.48#0.46#0.43#0.43#0.42#0.39#0.38#0.38#0.38#0.35#0.24#0.21#0.06#0.05#0.04#0.04#0.03#0"
"168";168;"female68";1;2;"77#22#83#60#16#39#89#21#23#15#85#44#43#18#62#66#47#95#17#91#35#20#24#8#12#55#33#10#14#52#80#63#98#53#51#46#13#72#84#92#31#56#93#65#49#97#74#37#76#11#6#19#75#96";"0.96#0.92#0.89#0.87#0.87#0.83#0.82#0.78#0.77#0.76#0.74#0.71#0.7#0.66#0.65#0.63#0.58#0.57#0.55#0.53#0.49#0.46#0.46#0.45#0.41#0.38#0.35#0.32#0.3#0.28#0.28#0.25#0.25#0.23#0.22#0.22#0.21#0.21#0.2#0.19#0.18#0.16#0.15#0.15#0.13#0.13#0.12#0.11#0.1#0.06#0.06#0.06#0.05#0"
"169";169;"female69";1;2;"42#75#81#88#64#67#68#63#74#83#25#32#17#48#91#53#86#84#14#54#50#18#94#85#41#10#60#99#3#93#20#9#44#4#89";"1#0.95#0.92#0.91#0.86#0.81#0.81#0.78#0.71#0.7#0.7#0.66#0.63#0.62#0.62#0.58#0.53#0.45#0.41#0.38#0.36#0.35#0.34#0.32#0.3#0.27#0.26#0.19#0.19#0.15#0.11#0.06#0.05#0.02#0.02"
"170";170;"female70";1;2;"26#74#90#46#85#71#21#81#59#40#80#100#60#82#12#69#3#8#49#41#19#75#72#16#77#14#55#27#88#68#56#18#4#29#5#20";"0.97#0.97#0.96#0.92#0.91#0.89#0.89#0.86#0.85#0.78#0.78#0.74#0.74#0.73#0.72#0.68#0.65#0.5#0.49#0.44#0.39#0.31#0.29#0.29#0.26#0.24#0.24#0.2#0.19#0.19#0.18#0.11#0.07#0.06#0.03#0.02"
"171";171;"female71";1;2;"52#78#87#91#21#62#48#7#83#94#3#1#17#36#98#19#53#15#31#22#69#79#54#13#73#14#6#26#84#25#81#80#40#33#5#29";"0.96#0.94#0.93#0.89#0.89#0.87#0.83#0.82#0.81#0.79#0.78#0.78#0.76#0.7#0.7#0.68#0.62#0.61#0.58#0.55#0.54#0.53#0.5#0.5#0.42#0.4#0.37#0.36#0.32#0.32#0.21#0.21#0.15#0.06#0.03#0.02"
"172";172;"female72";1;2;"80#52#70#27#22#2#61#12#28#43#39#93#17#96#91#65#68#62#31#41#83#98#36#49#55#32#5#86#76#14#19#92#23#74#40#87#45#94#20#97#10#85#15#54#6#58#47";"0.93#0.89#0.88#0.86#0.82#0.81#0.76#0.76#0.73#0.71#0.68#0.65#0.65#0.65#0.63#0.63#0.63#0.58#0.52#0.51#0.5#0.47#0.47#0.45#0.43#0.42#0.4#0.39#0.38#0.37#0.37#0.35#0.33#0.31#0.27#0.26#0.25#0.2#0.19#0.18#0.15#0.12#0.1#0.1#0.04#0.02#0"
"173";173;"female73";1;2;"";""
"174";174;"female74";1;2;"34#94#21#100#99#78#92#55#87#98#57#91#68#39#71#54#74#64#89#22#18#43#88#2#10#8#49#17#73#85#69#66#90#63#47#65#37#86#13#61#19#29#32#79#33#36#97#83#1#4#58#6#35#31#40#9#42#3#48#20#67#14#62#75#11#53#7#12#70#81#52#51#72#50#96#25#28#59#80#93#77#41#15#24#82#16#46#76#23#56#26#44#60#38#27#30#95#45#5#84";"0.99#0.98#0.97#0.96#0.96#0.96#0.96#0.95#0.95#0.93#0.92#0.89#0.89#0.88#0.88#0.88#0.86#0.86#0.86#0.85#0.84#0.84#0.83#0.83#0.83#0.81#0.8#0.78#0.77#0.75#0.74#0.73#0.73#0.73#0.72#0.71#0.71#0.7#0.7#0.69#0.69#0.69#0.68#0.68#0.67#0.66#0.64#0.62#0.6#0.58#0.58#0.57#0.57#0.56#0.51#0.51#0.5#0.49#0.49#0.48#0.46#0.42#0.41#0.4#0.4#0.39#0.38#0.36#0.34#0.34#0.33#0.32#0.3#0.28#0.28#0.28#0.24#0.22#0.21#0.21#0.19#0.19#0.17#0.15#0.15#0.13#0.12#0.12#0.11#0.1#0.07#0.07#0.06#0.06#0.04#0.03#0.03#0.03#0.02#0.02"
"175";175;"female75";1;2;"39#85#94#20#99#15#82#41#75#42#73#45#56#87#48#6#92#95#72#17#62#74#65#69#51#14#5#11#23#27#18#2#52#47#77#31#89#3#64#25#46#29#4#60#49#71#66#13#7#84#53#80#8#70";"0.98#0.96#0.91#0.89#0.88#0.87#0.83#0.83#0.82#0.81#0.76#0.75#0.75#0.73#0.69#0.69#0.67#0.67#0.66#0.65#0.65#0.65#0.65#0.63#0.62#0.61#0.58#0.56#0.54#0.54#0.43#0.43#0.38#0.37#0.35#0.31#0.25#0.25#0.21#0.18#0.15#0.13#0.13#0.13#0.09#0.07#0.07#0.07#0.06#0.05#0.03#0.03#0.02#0.01"
"176";176;"female76";1;2;"73#57#34#31#96#76#41#82#58#40#62#56#100#61#69";"0.82#0.82#0.82#0.8#0.8#0.79#0.76#0.75#0.66#0.49#0.45#0.41#0.34#0.31#0.14"
"177";177;"female77";1;2;"2#70#12#23#36#82#49#10#67#90#14#39#71#7#40#13#11#100#44#34#5#46#3#21#32#33#64#8#42#61#56#30#66#72#47#74#20#53#95#73#35#52#57#78#98#55#60#50";"0.99#0.98#0.95#0.94#0.91#0.89#0.86#0.83#0.8#0.79#0.77#0.77#0.72#0.72#0.71#0.64#0.62#0.62#0.62#0.6#0.57#0.57#0.54#0.48#0.47#0.43#0.43#0.39#0.38#0.33#0.33#0.3#0.3#0.28#0.28#0.26#0.25#0.23#0.22#0.2#0.19#0.18#0.17#0.15#0.12#0.06#0.06#0.06"
"178";178;"female78";1;2;"26#67#2#86#63#55#34#91#45#33#41#22#98#27#40#48#82#78#80#59#6#88#97#51#79#73#21#52#70#77#56#93#25#5#23#28#30#39#8#54#69#43#12#71#99#4#58#37#92#24#62#60#9#20#1";"0.99#0.99#0.99#0.98#0.98#0.96#0.95#0.89#0.87#0.86#0.86#0.86#0.84#0.83#0.82#0.82#0.81#0.8#0.76#0.72#0.71#0.7#0.7#0.67#0.66#0.63#0.61#0.61#0.59#0.56#0.53#0.53#0.52#0.51#0.5#0.5#0.47#0.45#0.39#0.39#0.38#0.37#0.35#0.34#0.26#0.25#0.25#0.23#0.19#0.16#0.15#0.11#0.08#0.07#0.01"
"179";179;"female79";1;2;"49#56#50#66#3#100#96#34#73#65#7#95#26#70#11#14#78#81#71#13#94#25#55#60#24#89#8#6#9#19#37#53#93#97#5#63#54#62#40#64#28#41#87#23#16#42#99#15#67#2#75#44#47#69#86#35#82#51#33#1#90#18#21#80#52#83#74#38#45#10#43#48#84#91#27#4#12#31#59#39#57#58#77#85";"1#0.99#0.97#0.97#0.96#0.96#0.95#0.94#0.94#0.93#0.92#0.91#0.89#0.88#0.86#0.85#0.84#0.81#0.79#0.78#0.77#0.77#0.77#0.77#0.76#0.74#0.74#0.73#0.72#0.71#0.71#0.69#0.67#0.67#0.66#0.64#0.63#0.62#0.62#0.62#0.6#0.58#0.56#0.53#0.53#0.52#0.51#0.48#0.48#0.47#0.45#0.45#0.43#0.42#0.39#0.37#0.36#0.36#0.36#0.35#0.33#0.33#0.29#0.29#0.26#0.24#0.23#0.22#0.22#0.21#0.21#0.18#0.15#0.15#0.14#0.13#0.13#0.11#0.09#0.08#0.07#0.02#0.02#0.02"
"180";180;"female80";1;2;"81#34#89#15#67#49#68#10#21#92#91#13#14#77";"0.97#0.96#0.88#0.79#0.67#0.56#0.54#0.49#0.34#0.2#0.19#0.13#0.04#0.04"
"181";181;"female81";1;2;"62#49#94#15#5#16#87#22#45#100#51#74#81#25#66#18#93#20#84#12#78#43#8#69#42#1#59#35#24#65#28#97#17#31#54#52";"1#0.94#0.9#0.9#0.89#0.86#0.85#0.8#0.78#0.71#0.69#0.68#0.68#0.65#0.64#0.63#0.63#0.62#0.6#0.53#0.45#0.43#0.41#0.4#0.4#0.36#0.34#0.26#0.24#0.16#0.1#0.1#0.07#0.02#0.01#0.01"
"182";182;"female82";1;2;"9#100#96#95#71#52#88#93#73#11#58#23#90#41";"0.99#0.98#0.9#0.87#0.83#0.76#0.69#0.64#0.6#0.46#0.32#0.17#0.15#0.1"
"183";183;"female83";1;2;"100#94#21#78#73#32#24#48#61#95#20#93#63#27#62#13#92#88#55#91#90#34#84#28#98#89#37#12#16#45#75#76#79#77#80#69#97#33#81#41#9#96#29#17#99#25#7#3#10#56#5#47#68#57#52#22#40#6#85#72#53#67#64#30#8#66#49#14#54#4#65#15#74#70#42#60#35#51#83";"0.99#0.98#0.98#0.97#0.97#0.96#0.94#0.94#0.93#0.91#0.9#0.89#0.86#0.85#0.85#0.83#0.83#0.82#0.79#0.79#0.79#0.77#0.77#0.76#0.74#0.72#0.71#0.69#0.69#0.64#0.64#0.63#0.61#0.6#0.59#0.58#0.58#0.58#0.58#0.56#0.51#0.51#0.49#0.48#0.48#0.47#0.46#0.46#0.4#0.39#0.39#0.38#0.36#0.36#0.36#0.32#0.32#0.31#0.3#0.29#0.26#0.25#0.23#0.22#0.17#0.17#0.13#0.13#0.12#0.11#0.11#0.1#0.1#0.09#0.07#0.03#0.01#0.01#0"
"184";184;"female84";1;2;"73#89#22#19#50#58#1#61#100#21#17#53#78#60#46#96#85#20#51#48#37#40#95#68#74#27#47#18#33#72#30#14#8#59#38#13#6#35#9#66#56#57#4#36#87#24#41#90#84#88#34#94#91#70#44#65#23#32#15#29#12#86#79#10#25#42#39#49#99#5#2#80#82#75#71#7#3#52#98#64#97#63#31";"1#0.98#0.98#0.98#0.97#0.96#0.92#0.92#0.89#0.89#0.89#0.88#0.86#0.85#0.83#0.83#0.82#0.81#0.79#0.78#0.77#0.77#0.76#0.74#0.73#0.7#0.7#0.68#0.68#0.67#0.66#0.65#0.64#0.64#0.62#0.62#0.58#0.58#0.54#0.53#0.53#0.52#0.5#0.5#0.5#0.49#0.49#0.48#0.46#0.46#0.45#0.45#0.45#0.44#0.43#0.43#0.42#0.42#0.41#0.4#0.38#0.37#0.36#0.35#0.34#0.34#0.31#0.3#0.29#0.28#0.28#0.26#0.21#0.17#0.17#0.16#0.15#0.15#0.1#0.09#0.08#0.05#0"
"185";185;"female85";1;2;"23#73#81#88#65#16#43#37#95#92#71#38#55#51#15#68#98#52#58#22#21";"0.83#0.82#0.81#0.78#0.76#0.76#0.74#0.72#0.66#0.62#0.59#0.48#0.46#0.36#0.19#0.17#0.17#0.16#0.11#0.05#0.01"
"186";186;"female86";1;2;"91#36#76#7#37#73#69#5#89#40#52#22#31#49#25#88#11#78";"0.87#0.8#0.75#0.7#0.68#0.64#0.58#0.57#0.53#0.5#0.49#0.48#0.44#0.43#0.41#0.31#0.2#0.14"
"187";187;"female87";1;2;"49#2#55#96#99#23#25#80#72";"1#0.7#0.58#0.45#0.4#0.39#0.3#0.05#0.01"
"188";188;"female88";1;2;"61#6#74#23#27#77#97#73#84#17#71#85#95#80#33#90#8#72#94#38#88#22#5#60#98#50#24#69#78#10#9#64#44#70#26#29#1#2#82#32#57#81#79#42#53#43#14#18#41#4#19#46#40#30#63#16#66#11#39#31#92#56#37#47#13#48#89#7#83#45#58#76#51#3#96#67#34#15#93#86#28#25#87#75#91#20#12#35#59#65#54#36#21#99";"0.98#0.98#0.97#0.97#0.96#0.95#0.93#0.93#0.93#0.91#0.9#0.89#0.88#0.87#0.87#0.85#0.85#0.83#0.83#0.79#0.77#0.75#0.74#0.73#0.72#0.72#0.71#0.7#0.69#0.69#0.69#0.69#0.68#0.66#0.65#0.64#0.62#0.62#0.61#0.61#0.6#0.57#0.56#0.56#0.54#0.53#0.53#0.51#0.5#0.49#0.49#0.47#0.47#0.46#0.45#0.41#0.4#0.38#0.38#0.37#0.37#0.36#0.32#0.31#0.29#0.25#0.25#0.25#0.22#0.21#0.18#0.17#0.15#0.14#0.14#0.13#0.13#0.11#0.1#0.09#0.09#0.09#0.07#0.07#0.07#0.06#0.05#0.04#0.04#0.04#0.02#0.01#0.01#0.01"
"189";189;"female89";1;2;"5#37#63#93#57#53#18#92#29#78#76#6#4#48#96#58#24#22#13#97#21#41#17#3#44#2#28#94#95#87#12#61#36#1#45#27#66#70#52#91#33#50#14#56#90#80#34#74#32#77#19";"1#1#0.97#0.92#0.92#0.91#0.9#0.9#0.89#0.88#0.84#0.76#0.72#0.68#0.64#0.63#0.62#0.62#0.59#0.59#0.57#0.54#0.54#0.54#0.54#0.52#0.49#0.49#0.44#0.36#0.36#0.31#0.29#0.27#0.25#0.24#0.23#0.21#0.17#0.16#0.15#0.13#0.11#0.11#0.1#0.1#0.1#0.09#0.08#0.07#0.05"
"190";190;"female90";1;2;"88#1#81#100#57#23#32#2#5#41#15#28#12#65#63#44#29#59#96#26#86#76#64#18#74#91#98#89#27#78#77#82#62#25#95#14#31#34#17#37#24#19#36#35#10#68#45#90#7#66#75#4#97#49#9#42#39#33#21#52";"1#0.98#0.97#0.94#0.92#0.91#0.85#0.83#0.81#0.81#0.8#0.78#0.78#0.78#0.75#0.75#0.74#0.74#0.72#0.71#0.7#0.69#0.68#0.63#0.62#0.61#0.6#0.6#0.58#0.56#0.54#0.53#0.53#0.49#0.47#0.46#0.46#0.43#0.35#0.32#0.31#0.28#0.27#0.25#0.23#0.21#0.18#0.17#0.17#0.17#0.14#0.13#0.13#0.12#0.1#0.08#0.08#0.08#0.06#0.04"
"191";191;"female91";1;2;"83#12#68#45#86#78#3#84#1#10#62#33#17#39#90#48#29#9#46#82#75#56#59#73#36#91#20#53#4#27#51#72#18#66#5#11#64#16#92#24#7#37#49#32#13#69#15#79";"0.95#0.93#0.89#0.85#0.84#0.84#0.82#0.75#0.75#0.74#0.74#0.73#0.69#0.69#0.65#0.64#0.64#0.63#0.62#0.62#0.59#0.54#0.54#0.52#0.51#0.5#0.5#0.5#0.45#0.45#0.44#0.38#0.37#0.3#0.25#0.24#0.23#0.23#0.23#0.21#0.21#0.2#0.19#0.18#0.12#0.09#0.06#0.01"
"192";192;"female92";1;2;"78#50#53#60#57#6#39#28#29#73#86#94#31#69#90#25#51#83#43#88#58#100#97#48#5#20#34#84#42#91#7#66#9#82#19#75#46#65#63#33#11#52#4#23#3#55#72#26#41#12#76#77#8#68#85#54#44#35#59#71#15#64#47#81#67#22#32#49#2#40#80#70#36#13#45#17#1#61#27";"0.99#0.97#0.96#0.95#0.95#0.92#0.91#0.9#0.89#0.87#0.86#0.84#0.83#0.81#0.76#0.73#0.73#0.72#0.7#0.69#0.69#0.65#0.65#0.65#0.63#0.61#0.59#0.59#0.58#0.57#0.57#0.55#0.55#0.54#0.52#0.51#0.51#0.51#0.5#0.49#0.47#0.46#0.46#0.45#0.45#0.45#0.44#0.42#0.42#0.41#0.4#0.36#0.33#0.33#0.33#0.32#0.3#0.25#0.24#0.23#0.22#0.21#0.2#0.2#0.2#0.19#0.17#0.17#0.16#0.16#0.14#0.11#0.09#0.08#0.07#0.04#0.03#0.03#0"
"193";193;"female93";1;2;"13#3#79#43#34#94#29#42#74#68#55#32#51#82#19#65#49#39#93#30#41#26#57#17#73#54#18#44#87#62#23#20#21#5#78#2#31#1#92#48#95#81#4#76#75#45#64#15#88#84#99#52#14#27#58#86#53#89";"0.99#0.96#0.91#0.89#0.88#0.88#0.84#0.82#0.81#0.8#0.77#0.74#0.72#0.71#0.69#0.66#0.64#0.62#0.61#0.6#0.6#0.6#0.55#0.54#0.52#0.51#0.5#0.46#0.45#0.43#0.43#0.41#0.4#0.4#0.36#0.35#0.35#0.34#0.34#0.31#0.31#0.27#0.24#0.21#0.19#0.18#0.14#0.14#0.14#0.14#0.13#0.13#0.13#0.09#0.08#0.07#0.06#0.04"
"194";194;"female94";1;2;"6#44#65#20#48#42#78#24#19#90#26#43#76#8#55#16#92#85#17#11#18#1#49#39#60#82#87#22#53#41#46#34#71#50#77#99#75#54#2#37#83#30#5#40#59#25#3#70#31#84#67#94#89#56#66#12#51#47#81#100#4#98#28#35#29#33#38#58#9#13#95#91#62#80#52#79#61#69#23#64#63#73#32#93#10#57#45#36#86#97#88#7#72#14#15#96#68#74";"0.98#0.97#0.89#0.89#0.88#0.88#0.87#0.86#0.85#0.83#0.8#0.79#0.76#0.73#0.7#0.7#0.69#0.66#0.65#0.63#0.63#0.62#0.61#0.61#0.59#0.59#0.59#0.58#0.58#0.58#0.57#0.57#0.57#0.57#0.56#0.54#0.53#0.52#0.52#0.52#0.52#0.5#0.5#0.49#0.49#0.48#0.48#0.48#0.47#0.47#0.46#0.46#0.44#0.42#0.39#0.39#0.39#0.39#0.38#0.36#0.36#0.36#0.36#0.35#0.34#0.33#0.33#0.33#0.29#0.28#0.28#0.27#0.25#0.23#0.22#0.22#0.2#0.2#0.2#0.19#0.19#0.17#0.17#0.17#0.14#0.14#0.12#0.11#0.1#0.1#0.09#0.09#0.08#0.08#0.07#0.06#0.05#0.02"
"195";195;"female95";1;2;"48#57#73#2#13#97#5#33#74#18#91#46#81#26#8#29#3#51#21#61#17#27#86#53#9#84";"0.94#0.84#0.81#0.79#0.78#0.78#0.74#0.66#0.61#0.61#0.61#0.61#0.57#0.56#0.47#0.41#0.4#0.35#0.28#0.28#0.23#0.18#0.17#0.13#0.12#0.02"
"196";196;"female96";1;2;"25#74#64#63#27#45#36#54#80#49#52#89#62#72#73#91#34#4#31#40#69#88#83#33#50#53#41#9#68#60#82#6#81#38#7#47#24#86#97#56#44#58#70#46#21#20#77#39#48#59#13#94#84#14#98#100#66#85#3#5#43#78#87#51#93#61#92#28#12#79#30#26#22#90#55#15#57#95#42#35#71#11#96#23#18#19#2#32#29#37";"0.99#0.99#0.99#0.97#0.97#0.97#0.96#0.96#0.92#0.92#0.92#0.91#0.9#0.9#0.89#0.89#0.84#0.83#0.83#0.82#0.82#0.79#0.77#0.76#0.75#0.75#0.74#0.72#0.71#0.7#0.69#0.65#0.65#0.64#0.63#0.62#0.62#0.6#0.57#0.56#0.55#0.52#0.52#0.51#0.49#0.47#0.46#0.45#0.45#0.44#0.42#0.42#0.4#0.4#0.4#0.4#0.39#0.38#0.37#0.35#0.35#0.35#0.35#0.33#0.3#0.3#0.29#0.29#0.28#0.22#0.21#0.18#0.17#0.16#0.15#0.14#0.12#0.11#0.1#0.09#0.09#0.06#0.06#0.04#0.04#0.03#0.02#0.01#0.01#0.01"
"197";197;"female97";1;2;"66#74#29#35#39#65#56#55#62#94#27#21#54#40#17#98#64#61#67#80#24#57#84#9#47#10#38#99#2#60#52#78#19#77#33#36#59#97#20#28#89#7#42#58#15#72#68#87#75#3#16#88#71#48#73#12#8#13#22#83#1#95#25#92#76#70#41#82#11#81#32#63#44#93#45#43#5#49#79#91#46#23#18#86#6#26";"1#0.98#0.98#0.97#0.96#0.95#0.95#0.95#0.94#0.93#0.92#0.91#0.91#0.9#0.9#0.88#0.85#0.84#0.8#0.8#0.8#0.78#0.77#0.75#0.75#0.74#0.74#0.72#0.68#0.66#0.66#0.65#0.64#0.62#0.62#0.62#0.6#0.59#0.59#0.55#0.55#0.52#0.52#0.48#0.48#0.47#0.47#0.46#0.46#0.45#0.45#0.43#0.43#0.43#0.37#0.36#0.35#0.32#0.3#0.28#0.27#0.27#0.25#0.25#0.25#0.24#0.24#0.22#0.19#0.18#0.18#0.16#0.14#0.13#0.11#0.11#0.1#0.07#0.06#0.05#0.03#0.03#0.02#0.02#0.01#0.01"
"198";198;"female98";1;2;"38#3#50#54#17#70#24#66#7#76#67#42#37#48#62#34#35#18#6#83#12#9#61#95";"0.98#0.91#0.87#0.83#0.63#0.63#0.53#0.53#0.51#0.47#0.47#0.46#0.45#0.43#0.39#0.38#0.36#0.3#0.28#0.22#0.1#0.08#0.05#0.01"
"199";199;"female99";1;2;"79#16#29#44#10#9#45#87#24#53#5#3#11#95#96#65#40#1#62#82#49#80#71#19#94#22#73#8#31#93#12#25#42#90#13#69#100#77#4#35#37#41#43#61#50#59#15#30#21#14#20#56#27#58#23#47#32#91#78#7#39#85#2#33";"0.97#0.96#0.96#0.95#0.94#0.91#0.91#0.88#0.87#0.85#0.84#0.82#0.8#0.79#0.77#0.77#0.75#0.74#0.71#0.67#0.66#0.66#0.64#0.63#0.63#0.62#0.62#0.62#0.61#0.56#0.52#0.51#0.5#0.47#0.45#0.42#0.42#0.39#0.39#0.39#0.36#0.35#0.35#0.33#0.31#0.26#0.24#0.22#0.2#0.17#0.17#0.15#0.14#0.13#0.11#0.1#0.1#0.08#0.07#0.06#0.05#0.05#0.01#0"
"200";200;"female100";1;2;"2#22#38#92#73";"0.89#0.83#0.78#0.69#0.14"
